{"clients": {"top_cpu_user": [[93.3, 95.1, 95.2, 95.2, 95.4, 95.3]], "top_cpu_kernel": [[4.6, 4.3, 4.199999999999999, 4.4, 4.2, 4.3]], "top_cpu_idle": [[2.0, 0.6, 0.6, 0.5, 0.4, 0.4]], "top_cpu_wait_io": [[0.0, 0.0, 0.0, 0.0, 0.0, 0.0]], "iotop_disk_read": [[0.0, 0.0, 0.0, 0.0, 0.0, 0.0]], "iotop_disk_write": [[0.0, 2.86, 5.71, 0.0, 20.0, 2.45]], "bmon_rx_Bps": [[0.0, 3728319.5, 3733563.5, 3740055.0, 3737597.5, 3735879.5]], "bmon_tx_Bps": [[0.0, 931365504.0, 930278784.0, 929973120.0, 929456128.0, 930729216.0]]}, "broker": {"top_cpu_user": [[15.7, 14.9, 14.9, 14.8, 14.8, 14.8]], "top_cpu_kernel": [[25.5, 21.6, 21.5, 21.5, 21.4, 21.5]], "top_cpu_idle": [[58.8, 63.5, 63.7, 63.8, 63.8, 63.6]], "top_cpu_wait_io": [[0.0, 0.0, 0.0, 0.0, 0.0, 0.0]], "iotop_disk_read": [[0.0, 0.0, 0.0, 0.0, 0.0, 0.0]], "iotop_disk_write": [[0.0, 0.0, 0.4, 0.0, 23.17, 0.0]], "bmon_rx_Bps": [[0.0, 1025628800.0, 1024468992.0, 1024250368.0, 1023618176.0, 1024638720.0]], "bmon_tx_Bps": [[0.0, 2886220288.0, 2881857792.0, 2882559488.0, 2880583168.0, 2880968192.0]]}, "log": {"top_cpu_user": [[35.6, 33.8, 33.6, 33.2, 33.0, 33.3], [36.6, 35.5, 35.4, 35.2, 35.2, 35.1], [37.0, 35.7, 35.6, 35.5, 35.2, 35.3]], "top_cpu_kernel": [[19.9, 20.6, 20.9, 20.4, 20.200000000000003, 20.8], [21.5, 21.4, 21.1, 21.0, 21.0, 21.1], [21.0, 21.599999999999998, 21.5, 21.5, 21.099999999999998, 21.1]], "top_cpu_idle": [[44.5, 45.6, 45.4, 46.3, 46.9, 45.9], [41.9, 43.1, 43.5, 43.7, 43.8, 43.8], [42.0, 42.7, 42.9, 43.0, 43.7, 43.6]], "top_cpu_wait_io": [[0.0, 0.0, 0.0, 0.0, 0.0, 0.0], [0.0, 0.0, 0.0, 0.0, 0.0, 0.0], [0.0, 0.0, 0.0, 0.0, 0.0, 0.0]], "iotop_disk_read": [[0.0, 0.0, 0.0, 0.0, 0.0, 0.0], [0.0, 0.0, 0.0, 0.0, 0.0, 0.0], [0.0, 0.0, 0.0, 0.0, 0.0, 0.0]], "iotop_disk_write": [[0.0, 993643.5, 991934.83, 991783.28, 993171.5, 992382.79], [0.0, 992653.85, 991946.2, 991107.42, 992162.28, 991437.45], [0.0, 994400.21, 991410.96, 991634.0, 991985.83, 991550.66]], "bmon_rx_Bps": [[0.0, 958442496.0, 957154240.0, 957043968.0, 957145216.0, 957090688.0], [0.0, 957990976.0, 957283456.0, 956767616.0, 956859392.0, 957026304.0], [0.0, 958091776.0, 957105152.0, 956988160.0, 956788416.0, 956827584.0]], "bmon_tx_Bps": [[0.0, 33572984.0, 33601160.0, 33612600.0, 33665364.0, 33653436.0], [0.0, 32670462.0, 32703004.0, 32652424.0, 32537022.0, 32572632.0], [0.0, 33617932.0, 33512808.0, 33587944.0, 33575912.0, 33493266.0]]}}