{"MessagesPerSecondMeasurements":[276109.98730058,275939.98936907627,276243.26612993126,275486.49485493754,276617.686789931,276034.13007892563],"BytesPerSecondMeasurements":[1049217951.7422036,1048571959.6024896,1049724411.2937386,1046848680.4487628,1051147209.8017378,1048929694.2999172],"NumLatencyMeasurements":30375,"Latency50Pct":0.020242369,"Latency75Pct":0.029318763,"Latency90Pct":0.170667433,"Latency99Pct":0.263437977,"Latency999Pct":0.288903748,"Latency9999Pct":0.325276693,"Sync":false,"Partitions":4,"Connections":32,"MessageSize":3800,"MaxBatchSize":32768,"MessagesPerSecondConfigured":302631}