{"MessagesPerSecondMeasurements":[121065.15260627544,121056.20571242757,121064.42850410879,121051.02383657137,121026.72914533329,121106.38403885216],"BytesPerSecondMeasurements":[460047579.9038467,460013581.707225,460044828.3156134,459993890.57897115,459901570.75226635,460204259.3476382],"NumLatencyMeasurements":57017,"Latency50Pct":0.0207553,"Latency75Pct":0.020871624,"Latency90Pct":0.021259502,"Latency99Pct":0.024771149,"Latency999Pct":0.042714895,"Latency9999Pct":0.049867521,"Sync":false,"Partitions":4,"Connections":32,"MessageSize":3800,"MaxBatchSize":32768,"MessagesPerSecondConfigured":121052}