{"MessagesPerSecondMeasurements":[60502.46865984478,60545.604958299606,60528.14223447164,60545.5049067934,60504.05235447308,60577.41419295477],"BytesPerSecondMeasurements":[229909380.90741012,230073298.8415385,230006940.4909922,230072918.64581496,229915398.9469976,230194173.9332281],"NumLatencyMeasurements":54677,"Latency50Pct":0.020542121,"Latency75Pct":0.020627142,"Latency90Pct":0.020911236,"Latency99Pct":0.024349164,"Latency999Pct":0.041003789,"Latency9999Pct":0.044669923,"Sync":false,"Partitions":4,"Connections":32,"MessageSize":3800,"MaxBatchSize":32768,"MessagesPerSecondConfigured":60526}