{"clients": {"top_cpu_user": [[96.1, 97.5, 97.5, 97.6, 97.6, 97.5]], "top_cpu_kernel": [[2.6, 2.2, 2.3, 2.2, 2.2, 2.2]], "top_cpu_idle": [[1.2, 0.3, 0.3, 0.3, 0.2, 0.3]], "top_cpu_wait_io": [[0.0, 0.0, 0.0, 0.0, 0.0, 0.0]], "iotop_disk_read": [[0.0, 0.0, 0.0, 0.0, 0.0, 0.0]], "iotop_disk_write": [[0.0, 7.76, 0.0, 0.0, 15.93, 2.85]], "bmon_rx_Bps": [[0.0, 1907741.88, 1921353.12, 1923606.5, 1926578.12, 1926635.5]], "bmon_tx_Bps": [[0.0, 465085952.0, 465540448.0, 464693728.0, 465397760.0, 464703904.0]]}, "broker": {"top_cpu_user": [[6.4, 7.6, 7.5, 7.4, 7.4, 7.3]], "top_cpu_kernel": [[11.4, 10.5, 10.5, 10.5, 10.5, 10.5]], "top_cpu_idle": [[82.2, 82.0, 82.0, 82.1, 82.1, 82.2]], "top_cpu_wait_io": [[0.0, 0.0, 0.0, 0.0, 0.0, 0.0]], "iotop_disk_read": [[0.0, 0.0, 0.0, 0.0, 0.0, 0.0]], "iotop_disk_write": [[0.0, 1.2, 0.0, 0.0, 16.38, 0.0]], "bmon_rx_Bps": [[0.0, 512080640.0, 512498592.0, 511505440.0, 512231744.0, 511623296.0]], "bmon_tx_Bps": [[0.0, 1440749824.0, 1440592384.0, 1440792576.0, 1441367040.0, 1440278528.0]]}, "log": {"top_cpu_user": [[34.8, 34.5, 34.5, 34.3, 34.4, 34.6], [38.1, 37.1, 37.0, 37.0, 37.0, 37.0], [37.7, 37.4, 37.5, 37.5, 37.3, 37.4]], "top_cpu_kernel": [[18.5, 17.0, 17.2, 16.599999999999998, 16.599999999999998, 17.3], [18.799999999999997, 18.299999999999997, 18.4, 18.4, 18.5, 18.5], [20.2, 18.8, 18.8, 18.7, 18.799999999999997, 18.6]], "top_cpu_idle": [[46.7, 48.5, 48.3, 49.1, 48.9, 48.2], [43.1, 44.6, 44.6, 44.6, 44.5, 44.5], [42.1, 43.9, 43.7, 43.8, 43.9, 43.9]], "top_cpu_wait_io": [[0.0, 0.0, 0.0, 0.0, 0.0, 0.0], [0.0, 0.0, 0.0, 0.0, 0.0, 0.0], [0.0, 0.0, 0.0, 0.0, 0.0, 0.0]], "iotop_disk_read": [[0.0, 0.0, 0.0, 0.0, 0.0, 0.0], [0.0, 0.0, 0.0, 0.0, 0.0, 0.0], [0.0, 0.0, 0.0, 0.0, 0.0, 0.0]], "iotop_disk_write": [[0.0, 495796.98, 495769.19, 496435.85, 495562.48, 495801.07], [0.0, 496410.61, 496184.74, 495699.34, 496088.27, 495495.06], [0.0, 496133.26, 496029.56, 495569.86, 495755.23, 495831.24]], "bmon_rx_Bps": [[0.0, 478456416.0, 478311936.0, 478575168.0, 478582016.0, 478379520.0], [0.0, 478501120.0, 478503168.0, 478399808.0, 478346816.0, 478571008.0], [0.0, 479087712.0, 478571808.0, 478556960.0, 478832512.0, 478158912.0]], "bmon_tx_Bps": [[0.0, 16795108.0, 16774125.0, 16629337.0, 16585262.0, 16730460.0], [0.0, 16586800.0, 16628612.0, 16577727.0, 16634084.0, 16687873.0], [0.0, 16494981.0, 16403846.0, 16388816.0, 16404704.0, 16332238.0]]}}