{"MessagesPerSecondMeasurements":[242005.68647318208,242107.68942225626,242260.89958024397,242022.85273421372,242048.40807245465,242248.68735921147],"BytesPerSecondMeasurements":[919621608.598092,920009219.804574,920591418.4049273,919686840.3900124,919783950.6753283,920545011.9650033],"NumLatencyMeasurements":64381,"Latency50Pct":0.020809669,"Latency75Pct":0.02128873,"Latency90Pct":0.02169559,"Latency99Pct":0.025306486,"Latency999Pct":0.043867554,"Latency9999Pct":0.070245599,"Sync":false,"Partitions":4,"Connections":32,"MessageSize":3800,"MaxBatchSize":32768,"MessagesPerSecondConfigured":242105}