{"clients": {"top_cpu_user": [[96.3, 96.3, 96.3, 96.4, 96.4, 96.4]], "top_cpu_kernel": [[3.1, 3.2, 3.3000000000000003, 3.2, 3.2, 3.2]], "top_cpu_idle": [[0.6, 0.5, 0.4, 0.4, 0.4, 0.3]], "top_cpu_wait_io": [[0.0, 0.0, 0.0, 0.0, 0.0, 0.0]], "iotop_disk_read": [[0.0, 0.0, 0.0, 0.0, 0.0, 0.0]], "iotop_disk_write": [[0.0, 2.04, 18.78, 0.0, 4.08, 0.0]], "bmon_rx_Bps": [[0.0, 2831465.5, 2841030.5, 2839966.0, 2839241.25, 2837060.0]], "bmon_tx_Bps": [[0.0, 698128768.0, 698059648.0, 697045376.0, 697524480.0, 697667456.0]]}, "broker": {"top_cpu_user": [[11.2, 11.2, 11.1, 11.6, 11.4, 11.4]], "top_cpu_kernel": [[19.0, 15.8, 15.600000000000001, 15.5, 15.8, 15.7]], "top_cpu_idle": [[69.7, 73.1, 73.2, 72.9, 72.9, 72.9]], "top_cpu_wait_io": [[0.0, 0.0, 0.0, 0.0, 0.0, 0.0]], "iotop_disk_read": [[0.0, 0.0, 0.0, 0.0, 0.0, 0.0]], "iotop_disk_write": [[0.0, 0.4, 13.19, 0.0, 2.8, 0.0]], "bmon_rx_Bps": [[0.0, 768553728.0, 768341696.0, 767310080.0, 767889088.0, 768199552.0]], "bmon_tx_Bps": [[0.0, 2161284608.0, 2161451776.0, 2161351168.0, 2161538816.0, 2160819712.0]]}, "log": {"top_cpu_user": [[34.3, 33.7, 33.8, 33.6, 33.8, 33.8], [37.6, 36.9, 36.8, 37.0, 36.7, 36.8], [36.7, 36.4, 36.4, 36.3, 36.4, 36.5]], "top_cpu_kernel": [[20.400000000000002, 19.099999999999998, 18.9, 18.400000000000002, 18.9, 19.099999999999998], [20.299999999999997, 19.599999999999998, 19.8, 19.8, 19.9, 19.8], [20.900000000000002, 19.8, 19.9, 20.0, 19.8, 19.900000000000002]], "top_cpu_idle": [[45.3, 47.2, 47.3, 48.0, 47.2, 47.1], [42.1, 43.5, 43.4, 43.3, 43.4, 43.4], [42.5, 43.8, 43.7, 43.7, 43.7, 43.6]], "top_cpu_wait_io": [[0.0, 0.0, 0.1, 0.0, 0.0, 0.0], [0.0, 0.0, 0.0, 0.0, 0.0, 0.0], [0.0, 0.0, 0.0, 0.0, 0.0, 0.0]], "iotop_disk_read": [[0.0, 0.0, 0.0, 0.0, 0.0, 0.0], [0.0, 0.0, 0.0, 0.0, 0.0, 0.0], [0.0, 0.0, 0.0, 0.0, 0.0, 0.0]], "iotop_disk_write": [[0.0, 749184.46, 753368.05, 752489.98, 748394.1, 757116.06], [0.0, 743409.3, 744000.63, 743724.5, 743519.37, 744357.47], [0.0, 745602.34, 745393.12, 744045.63, 744088.41, 744902.68]], "bmon_rx_Bps": [[0.0, 717347456.0, 717544448.0, 717973504.0, 717812736.0, 717407424.0], [0.0, 717785536.0, 717790144.0, 717606400.0, 717731648.0, 717710144.0], [0.0, 717575040.0, 717588736.0, 717706816.0, 717581568.0, 717594944.0]], "bmon_tx_Bps": [[0.0, 24860850.0, 24820036.0, 24747160.0, 24821038.0, 24789000.0], [0.0, 24785312.0, 24856966.0, 24896610.0, 24917756.0, 24915668.0], [0.0, 24857262.0, 24888772.0, 24888164.0, 24802968.0, 24856052.0]]}}