{"clients": {"top_cpu_user": [[94.7, 94.7, 94.9, 95.1, 95.0, 95.0]], "top_cpu_kernel": [[4.7, 4.3, 4.3, 4.2, 4.2, 4.2]], "top_cpu_idle": [[0.6, 1.0, 0.8, 0.7, 0.7, 0.7]], "top_cpu_wait_io": [[0.0, 0.0, 0.0, 0.0, 0.0, 0.0]], "iotop_disk_read": [[0.0, 0.0, 0.0, 0.0, 0.0, 0.0]], "iotop_disk_write": [[0.0, 2.04, 0.0, 0.0, 19.6, 0.0]], "bmon_rx_Bps": [[0.0, 3951949.0, 3947976.75, 3940883.25, 3950925.0, 3948813.25]], "bmon_tx_Bps": [[0.0, 1060945280.0, 1059912320.0, 1058599808.0, 1061064064.0, 1060608896.0]]}, "broker": {"top_cpu_user": [[21.6, 18.8, 19.2, 18.8, 19.1, 19.0]], "top_cpu_kernel": [[31.3, 28.4, 28.1, 28.3, 28.1, 28.200000000000003]], "top_cpu_idle": [[47.1, 52.8, 52.7, 52.9, 52.9, 52.8]], "top_cpu_wait_io": [[0.0, 0.0, 0.0, 0.0, 0.0, 0.0]], "iotop_disk_read": [[0.0, 0.0, 0.0, 0.0, 0.0, 0.0]], "iotop_disk_write": [[0.0, 0.0, 2.8, 0.0, 14.38, 0.4]], "bmon_rx_Bps": [[0.0, 1167364352.0, 1166656384.0, 1164825728.0, 1167639808.0, 1166726912.0]], "bmon_tx_Bps": [[0.0, 3293696512.0, 3288373248.0, 3282197248.0, 3290164224.0, 3287777792.0]]}, "log": {"top_cpu_user": [[33.3, 33.3, 33.3, 33.3, 32.9, 32.9], [37.2, 37.6, 37.7, 37.5, 37.8, 37.9], [36.3, 35.9, 36.0, 36.0, 35.9, 35.9]], "top_cpu_kernel": [[22.0, 20.5, 20.4, 20.2, 20.799999999999997, 21.0], [43.6, 42.1, 41.5, 41.2, 41.4, 41.300000000000004], [22.2, 21.4, 21.5, 21.4, 21.299999999999997, 21.4]], "top_cpu_idle": [[44.4, 46.2, 46.3, 46.4, 46.3, 46.1], [0.0, 0.0, 0.0, 0.0, 0.0, 0.0], [41.6, 42.7, 42.5, 42.6, 42.8, 42.6]], "top_cpu_wait_io": [[0.3, 0.0, 0.0, 0.0, 0.0, 0.0], [19.2, 20.3, 20.8, 21.3, 20.7, 20.7], [0.0, 0.0, 0.0, 0.0, 0.0, 0.0]], "iotop_disk_read": [[0.0, 0.0, 0.0, 0.0, 0.0, 0.0], [0.0, 0.0, 0.0, 0.0, 0.0, 0.0], [0.0, 0.0, 0.0, 0.0, 0.0, 0.0]], "iotop_disk_write": [[0.0, 1132946.08, 1130881.7, 1130166.28, 1131915.95, 1130999.42], [0.0, 1778302.57, 1776509.47, 1775574.43, 1776857.61, 1776081.02], [0.0, 1132661.66, 1130942.94, 1130605.5, 1131387.43, 1130979.76]], "bmon_rx_Bps": [[0.0, 1093636864.0, 1091926528.0, 1090334720.0, 1092272896.0, 1091641600.0], [0.0, 1093647744.0, 1092116352.0, 1090724224.0, 1092411520.0, 1091732096.0], [0.0, 1093446016.0, 1092046592.0, 1091012096.0, 1092220416.0, 1091699968.0]], "bmon_tx_Bps": [[0.0, 37128556.0, 36986408.0, 36932900.0, 36994896.0, 37112260.0], [0.0, 37442156.0, 37481420.0, 37485528.0, 37490104.0, 37505912.0], [0.0, 37977976.0, 37892192.0, 37900928.0, 37924360.0, 37939776.0]]}}