{"clients": {"top_cpu_user": [[98.0, 98.6, 98.6, 98.6, 98.6, 98.7]], "top_cpu_kernel": [[2.0, 1.2000000000000002, 1.2000000000000002, 1.2000000000000002, 1.2000000000000002, 1.1]], "top_cpu_idle": [[0.0, 0.2, 0.2, 0.2, 0.2, 0.1]], "top_cpu_wait_io": [[0.0, 0.0, 0.0, 0.0, 0.0, 0.0]], "iotop_disk_read": [[0.0, 0.0, 0.0, 0.0, 0.0, 0.0]], "iotop_disk_write": [[0.0, 7.76, 0.0, 17.15, 6.54, 0.0]], "bmon_rx_Bps": [[0.0, 973888.25, 979538.06, 982603.38, 982815.0, 981276.19]], "bmon_tx_Bps": [[0.0, 232551184.0, 232784144.0, 232672208.0, 232692000.0, 232805504.0]]}, "broker": {"top_cpu_user": [[3.2, 3.9, 4.1, 3.9, 3.9, 4.0]], "top_cpu_kernel": [[6.3999999999999995, 5.3999999999999995, 5.5, 5.5, 5.699999999999999, 5.6]], "top_cpu_idle": [[90.4, 90.6, 90.4, 90.6, 90.4, 90.4]], "top_cpu_wait_io": [[0.0, 0.0, 0.0, 0.0, 0.0, 0.0]], "iotop_disk_read": [[0.0, 0.0, 0.0, 0.0, 0.0, 0.0]], "iotop_disk_write": [[0.0, 0.0, 0.0, 17.97, 1.6, 0.0]], "bmon_rx_Bps": [[0.0, 256009232.0, 256280864.0, 256137280.0, 256179536.0, 256251456.0]], "bmon_tx_Bps": [[0.0, 720133952.0, 720856640.0, 720483776.0, 720567104.0, 720838720.0]]}, "log": {"top_cpu_user": [[36.2, 35.5, 35.7, 35.7, 35.6, 35.6], [38.3, 37.8, 37.8, 37.8, 37.8, 37.9], [38.2, 37.8, 37.8, 37.7, 37.7, 37.8]], "top_cpu_kernel": [[16.9, 15.799999999999999, 15.6, 15.6, 15.7, 15.7], [17.5, 17.2, 17.3, 17.2, 17.2, 17.099999999999998], [18.1, 16.900000000000002, 17.0, 17.0, 17.0, 16.900000000000002]], "top_cpu_idle": [[47.0, 48.7, 48.7, 48.7, 48.7, 48.8], [44.2, 45.0, 44.9, 45.0, 45.0, 45.0], [43.8, 45.3, 45.2, 45.3, 45.3, 45.3]], "top_cpu_wait_io": [[0.0, 0.0, 0.0, 0.0, 0.0, 0.0], [0.0, 0.0, 0.0, 0.0, 0.0, 0.0], [0.0, 0.0, 0.0, 0.0, 0.0, 0.0]], "iotop_disk_read": [[0.0, 0.0, 0.0, 0.0, 0.0, 0.0], [0.0, 0.0, 0.0, 0.0, 0.0, 0.0], [0.0, 0.0, 0.0, 0.0, 0.0, 0.0]], "iotop_disk_write": [[0.0, 247974.84, 248160.5, 248659.87, 248356.56, 247866.0], [0.0, 247704.83, 248008.41, 248226.02, 247774.29, 248014.95], [0.0, 248037.19, 247999.01, 247691.98, 248149.54, 247592.29]], "bmon_rx_Bps": [[0.0, 239155280.0, 239312176.0, 239212064.0, 239251776.0, 239382672.0], [0.0, 239670592.0, 239086704.0, 239386336.0, 239260288.0, 239237696.0], [0.0, 239190496.0, 239498368.0, 239123888.0, 239249168.0, 239416512.0]], "bmon_tx_Bps": [[0.0, 8272958.5, 8280794.5, 8277866.5, 8299040.5, 8268432.0], [0.0, 8436815.0, 8441975.0, 8430526.0, 8429760.0, 8394813.0], [0.0, 8237896.0, 8244617.0, 8235992.0, 8234101.0, 8237907.0]]}}