{"MessagesPerSecondMeasurements":[181581.38543178613,181773.63456578896,181445.560800814,181500.7816760173,181608.4881024313,181621.8000185756],"BytesPerSecondMeasurements":[690009264.6407872,690739811.349998,689493131.0430931,689702970.3688657,690112254.7892389,690162840.0705873],"NumLatencyMeasurements":60557,"Latency50Pct":0.020929057,"Latency75Pct":0.02109695,"Latency90Pct":0.021453742,"Latency99Pct":0.025148419,"Latency999Pct":0.044917261,"Latency9999Pct":0.071101352,"Sync":false,"Partitions":4,"Connections":32,"MessageSize":3800,"MaxBatchSize":32768,"MessagesPerSecondConfigured":181578}