{"clients": {"top_cpu_user": [[13.1, 10.9, 11.0, 11.1, 11.3, 10.7]], "top_cpu_kernel": [[4.3, 3.4, 3.5, 3.5, 3.6, 3.5]], "top_cpu_idle": [[82.6, 85.7, 85.5, 85.4, 85.2, 85.8]], "top_cpu_wait_io": [[0.0, 0.0, 0.0, 0.0, 0.0, 0.0]], "iotop_disk_read": [[0.0, 0.0, 0.0, 0.0, 0.0, 0.0]], "iotop_disk_write": [[0.0, 19.61, 22.06, 5.72, 6.54, 6.54]], "bmon_rx_Bps": [[0.0, 80356.98, 84617.7, 84788.26, 79801.99, 78523.26]], "bmon_tx_Bps": [[0.0, 84509592.0, 84362752.0, 83933480.0, 84654520.0, 84093304.0]]}, "pulsar": {"top_cpu_user": [[3.1, 0.4, 0.3, 0.3, 0.4, 0.4]], "top_cpu_kernel": [[3.1, 0.7, 0.7, 0.7, 0.7, 0.6]], "top_cpu_idle": [[93.8, 98.9, 99.0, 99.0, 99.0, 99.0]], "top_cpu_wait_io": [[0.0, 0.0, 0.0, 0.0, 0.0, 0.0]], "iotop_disk_read": [[0.0, 0.0, 0.0, 0.0, 0.0, 0.0]], "iotop_disk_write": [[0.0, 207.71, 61.12, 30.76, 25.16, 15.18]], "bmon_rx_Bps": [[0.0, 84256048.0, 84363472.0, 84046512.0, 84667624.0, 84123888.0]], "bmon_tx_Bps": [[0.0, 252778544.0, 253139328.0, 252181136.0, 254027424.0, 252397312.0]]}, "bookkeeper": {"top_cpu_user": [[0.8, 0.4, 0.2, 0.2, 0.2, 0.3], [1.1, 0.4, 0.3, 0.2, 0.3, 0.3], [1.4, 0.4, 0.3, 0.2, 0.3, 0.3]], "top_cpu_kernel": [[2.8, 0.8999999999999999, 0.6000000000000001, 0.5, 0.5, 0.5], [2.2, 0.8999999999999999, 0.5, 0.5, 0.5, 0.5], [2.1999999999999997, 0.8, 0.5, 0.5, 0.5, 0.5]], "top_cpu_idle": [[93.6, 97.8, 99.0, 99.1, 99.2, 99.2], [93.6, 97.8, 99.0, 99.2, 99.1, 99.1], [93.9, 97.8, 99.0, 99.1, 99.2, 99.2]], "top_cpu_wait_io": [[2.8, 1.0, 0.2, 0.1, 0.1, 0.1], [3.1, 1.0, 0.2, 0.1, 0.1, 0.1], [2.5, 0.9, 0.2, 0.1, 0.1, 0.1]], "iotop_disk_read": [[0.0, 0.0, 0.0, 0.0, 0.0, 0.0], [0.0, 0.0, 0.0, 0.0, 0.0, 0.0], [0.0, 0.0, 0.0, 0.0, 0.0, 0.0]], "iotop_disk_write": [[0.0, 338514.27, 128929.17, 84216.44, 84390.68, 84537.13], [0.0, 332754.93, 123544.27, 84097.38, 84446.28, 84708.71], [0.0, 336700.19, 116542.56, 84615.41, 84037.28, 84706.87]], "bmon_rx_Bps": [[0.0, 84016336.0, 84231920.0, 83893952.0, 84331568.0, 84006128.0], [0.0, 84072648.0, 84159504.0, 83876448.0, 84240992.0, 83984032.0], [0.0, 84014584.0, 83927936.0, 83992512.0, 84095736.0, 84067656.0]], "bmon_tx_Bps": [[0.0, 76444.67, 75993.19, 78917.38, 82001.17, 80545.96], [0.0, 67523.04, 64655.59, 65027.98, 66471.36, 66815.42], [0.0, 66228.7, 64471.91, 65696.05, 66590.38, 67295.33]]}}