{"clients": {"top_cpu_user": [[36.3, 73.0, 52.6, 85.2, 86.2, 82.5]], "top_cpu_kernel": [[5.6000000000000005, 2.7, 4.7, 1.8, 1.5999999999999999, 1.9]], "top_cpu_idle": [[58.1, 24.3, 42.7, 13.1, 12.2, 15.7]], "top_cpu_wait_io": [[0.0, 0.0, 0.0, 0.0, 0.0, 0.0]], "iotop_disk_read": [[0.0, 0.0, 0.0, 0.0, 0.0, 0.0]], "iotop_disk_write": [[0.0, 18.76, 18.38, 4.08, 7.75, 5.31]], "bmon_rx_Bps": [[0.0, 176732.53, 176874.12, 175419.22, 180780.84, 178159.69]], "bmon_tx_Bps": [[0.0, 210919120.0, 210877856.0, 211500736.0, 213617248.0, 212879456.0]]}, "pulsar": {"top_cpu_user": [[0.6, 0.8, 0.8, 0.8, 0.8, 0.8]], "top_cpu_kernel": [[3.1, 1.8, 1.8, 1.8, 1.8, 1.8]], "top_cpu_idle": [[96.2, 97.4, 97.4, 97.4, 97.3, 97.4]], "top_cpu_wait_io": [[0.0, 0.0, 0.0, 0.0, 0.0, 0.0]], "iotop_disk_read": [[0.0, 0.0, 0.0, 0.0, 0.0, 0.0]], "iotop_disk_write": [[0.0, 1.2, 7.59, 37.95, 0.4, 7.19]], "bmon_rx_Bps": [[0.0, 211112240.0, 211065376.0, 211508352.0, 213675488.0, 212926896.0]], "bmon_tx_Bps": [[0.0, 633438144.0, 633320000.0, 634577600.0, 641235456.0, 638939264.0]]}, "bookkeeper": {"top_cpu_user": [[1.1, 0.6, 0.8, 0.6, 0.8, 0.6], [0.8, 0.6, 0.8, 0.6, 0.8, 0.7], [0.8, 0.6, 0.8, 0.6, 0.8, 0.6]], "top_cpu_kernel": [[2.5, 1.2000000000000002, 1.8, 1.3, 1.7999999999999998, 1.4], [1.7, 1.3, 1.8, 1.2000000000000002, 1.9, 1.3], [1.7, 1.2000000000000002, 1.7000000000000002, 1.2000000000000002, 1.7999999999999998, 1.3]], "top_cpu_idle": [[96.1, 97.9, 95.8, 97.9, 95.7, 97.6], [97.2, 97.9, 95.8, 97.9, 95.8, 97.5], [97.2, 97.9, 95.8, 97.9, 95.8, 97.6]], "top_cpu_wait_io": [[0.3, 0.3, 1.6, 0.3, 1.6, 0.4], [0.3, 0.3, 1.6, 0.3, 1.6, 0.5], [0.3, 0.2, 1.6, 0.3, 1.6, 0.5]], "iotop_disk_read": [[0.0, 0.0, 0.0, 0.0, 0.0, 0.0], [0.0, 0.0, 0.0, 0.0, 0.0, 0.0], [0.0, 0.0, 0.0, 0.0, 0.0, 0.0]], "iotop_disk_write": [[0.0, 210681.26, 613578.12, 214290.16, 615671.93, 266993.03], [0.0, 210397.66, 613999.7, 213881.83, 615756.65, 273788.07], [0.0, 210775.29, 613323.98, 213930.77, 616035.27, 276625.22]], "bmon_rx_Bps": [[0.0, 210357632.0, 210711824.0, 211500992.0, 213075264.0, 212450896.0], [0.0, 210295120.0, 210674000.0, 211806496.0, 213015232.0, 212305872.0], [0.0, 210093136.0, 210713696.0, 211861728.0, 212895968.0, 212144288.0]], "bmon_tx_Bps": [[0.0, 189285.41, 187594.06, 183250.36, 189991.94, 185473.28], [0.0, 160834.31, 159846.61, 159049.22, 157989.84, 158773.22], [0.0, 163211.77, 161421.67, 162824.2, 161729.44, 158127.95]]}}