{"clients": {"top_cpu_user": [[3.7, 7.5, 7.3, 6.9, 6.7, 6.6]], "top_cpu_kernel": [[2.5, 2.4, 2.4, 2.4, 2.4, 2.4]], "top_cpu_idle": [[93.8, 90.1, 90.3, 90.7, 90.8, 90.9]], "top_cpu_wait_io": [[0.0, 0.0, 0.0, 0.0, 0.0, 0.0]], "iotop_disk_read": [[0.0, 0.0, 0.0, 0.0, 0.0, 0.0]], "iotop_disk_write": [[0.0, 17.98, 17.16, 4.9, 6.54, 2.86]], "bmon_rx_Bps": [[0.0, 41215.15, 41448.36, 44171.18, 41027.87, 42819.57]], "bmon_tx_Bps": [[0.0, 40910620.0, 41081692.0, 43564740.0, 41571488.0, 41246920.0]]}, "pulsar": {"top_cpu_user": [[0.6, 0.2, 0.2, 0.2, 0.2, 0.2]], "top_cpu_kernel": [[0.6, 0.3, 0.4, 0.3, 0.3, 0.3]], "top_cpu_idle": [[98.8, 99.4, 99.4, 99.5, 99.5, 99.4]], "top_cpu_wait_io": [[0.0, 0.0, 0.0, 0.0, 0.0, 0.0]], "iotop_disk_read": [[0.0, 0.0, 0.0, 0.0, 0.0, 0.0]], "iotop_disk_write": [[0.0, 32.35, 15.18, 15.18, 18.38, 21.17]], "bmon_rx_Bps": [[0.0, 40935168.0, 41151048.0, 43558608.0, 41594968.0, 41359872.0]], "bmon_tx_Bps": [[0.0, 122794472.0, 123447288.0, 130674928.0, 124765544.0, 124073144.0]]}, "bookkeeper": {"top_cpu_user": [[0.3, 0.1, 0.1, 0.1, 0.1, 0.3], [0.3, 0.1, 0.1, 0.1, 0.1, 0.3], [0.6, 0.1, 0.1, 0.1, 0.1, 0.3]], "top_cpu_kernel": [[0.8, 0.2, 0.30000000000000004, 0.30000000000000004, 0.30000000000000004, 0.6], [0.8, 0.30000000000000004, 0.30000000000000004, 0.2, 0.30000000000000004, 0.6], [0.6, 0.30000000000000004, 0.30000000000000004, 0.2, 0.2, 0.6]], "top_cpu_idle": [[98.9, 99.6, 99.6, 99.6, 99.6, 98.2], [98.9, 99.6, 99.5, 99.6, 99.6, 98.2], [98.9, 99.6, 99.5, 99.6, 99.6, 98.2]], "top_cpu_wait_io": [[0.0, 0.1, 0.1, 0.1, 0.1, 0.9], [0.0, 0.1, 0.1, 0.1, 0.1, 0.9], [0.0, 0.1, 0.1, 0.0, 0.1, 0.9]], "iotop_disk_read": [[0.0, 0.0, 0.0, 0.0, 0.0, 0.0], [0.0, 0.0, 0.0, 0.0, 0.0, 0.0], [0.0, 0.0, 0.0, 0.0, 0.0, 0.0]], "iotop_disk_write": [[0.0, 40817.12, 42880.68, 42480.47, 40900.52, 294068.46], [0.0, 40809.98, 43531.04, 41843.17, 40903.18, 294699.02], [0.0, 40827.04, 44189.06, 41140.89, 40903.9, 294748.79]], "bmon_rx_Bps": [[0.0, 40847964.0, 41325444.0, 43272560.0, 41453024.0, 41433328.0], [0.0, 40847136.0, 41674820.0, 43010492.0, 41387600.0, 41591136.0], [0.0, 40847096.0, 42065072.0, 42717760.0, 41314372.0, 41920892.0]], "bmon_tx_Bps": [[0.0, 40194.07, 41048.04, 44076.73, 42950.51, 42825.39], [0.0, 37915.88, 38480.2, 38819.41, 38483.03, 38819.39], [0.0, 37108.26, 37760.65, 36646.64, 35438.29, 35844.34]]}}