{"clients": {"top_cpu_user": [[35.4, 40.8, 45.0, 44.1, 44.2, 44.5]], "top_cpu_kernel": [[3.4, 1.4000000000000001, 0.7, 0.6, 1.2, 1.0]], "top_cpu_idle": [[61.2, 57.8, 54.2, 55.2, 54.7, 54.6]], "top_cpu_wait_io": [[0.0, 0.0, 0.0, 0.0, 0.0, 0.0]], "iotop_disk_read": [[0.0, 0.0, 0.0, 0.0, 0.0, 0.0]], "iotop_disk_write": [[0.0, 19.61, 20.83, 28.59, 8.99, 5.72]], "bmon_rx_Bps": [[0.0, 183315.3, 178633.83, 186299.36, 198499.34, 184217.12]], "bmon_tx_Bps": [[0.0, 208970096.0, 206974352.0, 211658560.0, 212511536.0, 218297328.0]]}, "pulsar": {"top_cpu_user": [[1.2, 0.8, 0.8, 0.8, 0.8, 0.8]], "top_cpu_kernel": [[3.1, 1.8, 1.8, 1.8, 1.8, 1.8]], "top_cpu_idle": [[95.7, 97.4, 97.5, 97.4, 97.4, 97.3]], "top_cpu_wait_io": [[0.0, 0.0, 0.0, 0.0, 0.0, 0.0]], "iotop_disk_read": [[0.0, 0.0, 0.0, 0.0, 0.0, 0.0]], "iotop_disk_write": [[0.0, 45.54, 20.77, 44.34, 8.39, 0.0]], "bmon_rx_Bps": [[0.0, 209322720.0, 206843536.0, 211809504.0, 212308688.0, 218567088.0]], "bmon_tx_Bps": [[0.0, 628287104.0, 620752704.0, 635472192.0, 637152512.0, 655731200.0]]}, "bookkeeper": {"top_cpu_user": [[0.8, 0.6, 0.8, 0.6, 0.8, 0.7], [1.1, 0.6, 0.8, 0.6, 0.8, 0.6], [1.1, 0.6, 0.8, 0.6, 0.8, 0.7]], "top_cpu_kernel": [[2.0, 1.2000000000000002, 1.7000000000000002, 1.3, 1.7000000000000002, 1.3], [2.0, 1.1, 1.7000000000000002, 1.2000000000000002, 1.7999999999999998, 1.3], [2.0, 1.2000000000000002, 1.7000000000000002, 1.2000000000000002, 1.7000000000000002, 1.3]], "top_cpu_idle": [[97.2, 97.9, 95.8, 97.9, 95.8, 97.8], [96.7, 98.0, 95.9, 97.9, 95.7, 97.8], [96.6, 97.9, 95.8, 97.9, 95.8, 97.8]], "top_cpu_wait_io": [[0.0, 0.3, 1.6, 0.3, 1.6, 0.3], [0.3, 0.3, 1.6, 0.3, 1.6, 0.3], [0.3, 0.3, 1.6, 0.2, 1.6, 0.3]], "iotop_disk_read": [[0.0, 0.0, 0.82, 0.0, 0.0, 0.0], [0.0, 0.0, 0.82, 0.0, 0.0, 0.0], [0.0, 0.0, 0.82, 0.0, 0.0, 0.0]], "iotop_disk_write": [[0.0, 209413.83, 610278.45, 214144.46, 614746.03, 221628.55], [0.0, 208945.67, 610427.86, 214157.75, 614762.39, 221897.56], [0.0, 208703.89, 610666.55, 214104.19, 614372.51, 222109.2]], "bmon_rx_Bps": [[0.0, 208829776.0, 206768960.0, 211301184.0, 211787632.0, 218539552.0], [0.0, 209007104.0, 206716992.0, 211434880.0, 211778432.0, 218495680.0], [0.0, 208834048.0, 207037696.0, 211677104.0, 211355904.0, 218433232.0]], "bmon_tx_Bps": [[0.0, 175346.89, 174537.61, 182970.06, 177862.48, 190077.12], [0.0, 160997.03, 156448.72, 159697.5, 159684.22, 168036.56], [0.0, 157484.0, 153123.72, 156683.12, 156473.09, 160111.44]]}}