{"clients": {"top_cpu_user": [[10.8, 12.3, 17.8, 20.7, 12.5, 18.5]], "top_cpu_kernel": [[1.3, 0.6, 2.8000000000000003, 3.1, 0.7, 3.0]], "top_cpu_idle": [[87.9, 87.0, 79.4, 76.2, 86.8, 78.5]], "top_cpu_wait_io": [[0.0, 0.0, 0.0, 0.0, 0.0, 0.0]], "iotop_disk_read": [[0.0, 0.0, 0.0, 0.0, 0.0, 0.0]], "iotop_disk_write": [[0.0, 21.65, 4.49, 3.27, 4.9, 3.27]], "bmon_rx_Bps": [[0.0, 107119.25, 95787.23, 96512.91, 101604.43, 100749.33]], "bmon_tx_Bps": [[0.0, 126440280.0, 126176080.0, 126415040.0, 126726840.0, 126030160.0]]}, "pulsar": {"top_cpu_user": [[1.2, 0.5, 0.5, 0.4, 0.5, 0.5]], "top_cpu_kernel": [[2.5, 1.0, 1.0, 1.0, 1.1, 1.1]], "top_cpu_idle": [[96.3, 98.5, 98.6, 98.5, 98.5, 98.5]], "top_cpu_wait_io": [[0.0, 0.0, 0.0, 0.0, 0.0, 0.0]], "iotop_disk_read": [[0.0, 0.0, 0.0, 0.0, 0.0, 0.0]], "iotop_disk_write": [[0.0, 106.65, 16.78, 11.19, 15.58, 12.78]], "bmon_rx_Bps": [[0.0, 126713800.0, 126322544.0, 126487504.0, 126573680.0, 126106616.0]], "bmon_tx_Bps": [[0.0, 380205632.0, 379014112.0, 379504704.0, 379764448.0, 378385056.0]]}, "bookkeeper": {"top_cpu_user": [[1.4, 0.5, 0.3, 0.4, 0.6, 0.4], [1.1, 0.5, 0.4, 0.4, 0.6, 0.4], [1.1, 0.5, 0.4, 0.4, 0.6, 0.4]], "top_cpu_kernel": [[2.3, 1.1, 0.8, 0.8, 1.3, 0.6000000000000001], [3.1, 1.2, 0.7, 0.7, 1.3, 0.8], [2.8, 1.1, 0.8, 0.8, 1.3, 0.8]], "top_cpu_idle": [[93.9, 97.3, 98.8, 98.7, 96.6, 98.8], [93.0, 97.3, 98.7, 98.8, 96.6, 98.7], [93.6, 97.4, 98.7, 98.7, 96.6, 98.7]], "top_cpu_wait_io": [[2.5, 1.1, 0.2, 0.2, 1.5, 0.2], [2.8, 1.1, 0.2, 0.2, 1.5, 0.2], [2.5, 1.0, 0.2, 0.2, 1.5, 0.2]], "iotop_disk_read": [[0.0, 0.0, 0.0, 6.13, 0.0, 0.0], [0.0, 0.0, 0.0, 0.0, 0.0, 0.0], [0.0, 0.0, 0.0, 0.0, 0.0, 0.0]], "iotop_disk_write": [[0.0, 411277.44, 126765.91, 126162.32, 528488.14, 126887.2], [0.0, 403268.78, 126995.31, 126297.93, 528166.83, 127124.37], [0.0, 396285.96, 127018.41, 126259.37, 528018.45, 127110.69]], "bmon_rx_Bps": [[0.0, 126310008.0, 126353136.0, 126276768.0, 126301176.0, 125915024.0], [0.0, 126464248.0, 126349616.0, 126233984.0, 126335520.0, 125925848.0], [0.0, 126137736.0, 126355040.0, 126148312.0, 126227144.0, 125942272.0]], "bmon_tx_Bps": [[0.0, 116415.23, 116216.69, 116639.23, 120538.09, 113470.12], [0.0, 95083.55, 96487.73, 95256.59, 94423.34, 91796.15], [0.0, 94201.55, 96515.77, 99353.78, 98074.3, 96228.64]]}}