{"clients": {"top_cpu_user": [[48.8, 36.3, 26.6, 30.0, 25.7, 26.0]], "top_cpu_kernel": [[5.1, 3.6, 4.0, 4.199999999999999, 3.9, 4.5]], "top_cpu_idle": [[46.1, 60.1, 69.5, 65.7, 70.3, 69.6]], "top_cpu_wait_io": [[0.0, 0.0, 0.0, 0.0, 0.0, 0.0]], "iotop_disk_read": [[0.0, 0.0, 0.0, 0.0, 0.0, 0.0]], "iotop_disk_write": [[0.0, 20.02, 4.08, 1.63, 7.35, 1.23]], "bmon_rx_Bps": [[0.0, 143324.0, 139135.69, 134556.48, 127539.86, 135042.19]], "bmon_tx_Bps": [[0.0, 168449824.0, 168707872.0, 168250752.0, 169444576.0, 169850912.0]]}, "pulsar": {"top_cpu_user": [[0.6, 0.7, 0.7, 0.7, 0.6, 0.7]], "top_cpu_kernel": [[3.1, 1.4000000000000001, 1.4000000000000001, 1.4000000000000001, 1.4000000000000001, 1.3]], "top_cpu_idle": [[96.2, 97.9, 97.9, 97.9, 98.0, 98.0]], "top_cpu_wait_io": [[0.0, 0.0, 0.0, 0.0, 0.0, 0.0]], "iotop_disk_read": [[0.0, 0.0, 0.0, 0.0, 0.0, 0.0]], "iotop_disk_write": [[0.0, 10.39, 0.0, 17.58, 39.54, 11.19]], "bmon_rx_Bps": [[0.0, 168542976.0, 168726368.0, 168473424.0, 169407024.0, 169787008.0]], "bmon_tx_Bps": [[0.0, 505779168.0, 506296704.0, 505510912.0, 508317568.0, 509477152.0]]}, "bookkeeper": {"top_cpu_user": [[0.8, 0.6, 0.5, 0.7, 0.7, 0.5], [1.4, 0.6, 0.5, 0.7, 0.7, 0.5], [1.4, 0.5, 0.5, 0.7, 0.7, 0.5]], "top_cpu_kernel": [[2.8, 1.1, 1.0, 1.5, 1.7000000000000002, 0.8999999999999999], [2.5, 1.2000000000000002, 0.8999999999999999, 1.5, 1.7, 1.0], [2.8, 1.2000000000000002, 0.8999999999999999, 1.4000000000000001, 1.6, 0.8999999999999999]], "top_cpu_idle": [[93.6, 97.6, 98.3, 96.2, 96.7, 98.3], [93.3, 97.6, 98.4, 96.2, 96.7, 98.3], [93.3, 97.6, 98.3, 96.2, 96.8, 98.3]], "top_cpu_wait_io": [[2.8, 0.7, 0.2, 1.5, 0.9, 0.2], [2.8, 0.7, 0.2, 1.6, 0.9, 0.2], [2.5, 0.7, 0.2, 1.5, 0.9, 0.2]], "iotop_disk_read": [[0.0, 0.0, 0.0, 0.0, 0.0, 0.0], [0.0, 0.0, 0.0, 0.0, 0.0, 0.0], [0.0, 0.0, 0.0, 0.0, 0.0, 0.0]], "iotop_disk_write": [[0.0, 330129.69, 168695.21, 570899.21, 368859.92, 170771.52], [0.0, 321922.91, 168634.0, 570896.25, 368700.6, 171237.02], [0.0, 319765.84, 168760.31, 570320.79, 368894.36, 170967.53]], "bmon_rx_Bps": [[0.0, 167853648.0, 168244672.0, 168081696.0, 169351440.0, 169640960.0], [0.0, 167854624.0, 168115648.0, 168093888.0, 169454176.0, 169702208.0], [0.0, 168028688.0, 168246192.0, 168213552.0, 169435376.0, 169443424.0]], "bmon_tx_Bps": [[0.0, 142264.3, 149001.69, 148977.39, 150265.11, 150095.92], [0.0, 119751.41, 119010.63, 122038.12, 122303.63, 123219.48], [0.0, 118708.42, 127215.14, 127307.05, 127174.25, 123959.05]]}}