{"SentMessagesPerSecondMeasurements":[1152657.7623149443,1153513.5005364448,1145486.557739176,1142979.9355858346,1162626.103332702,1143225.585275523],"SentBytesPerSecondMeasurements":[115265776.23149444,115351350.05364451,114548655.77391757,114297993.55858348,116262610.33327019,114322558.52755232],"AckMessagesPerSecondMeasurements":[1156320.8915193246,1143558.4517766514,1153866.2995255738,1143506.2350124917,1161053.5416216021,1142709.8931195606],"NumLatencyMeasurements":10626,"Latency50Pct":0.078103188,"Latency75Pct":0.107880766,"Latency90Pct":0.145472056,"Latency99Pct":0.219833126,"Latency999Pct":0.30049628,"Latency9999Pct":0.333092696,"MaxPending":15,"Partitions":64,"Connections":64,"MessageSize":100,"MaxBatchSize":524288,"MessagesPerSecondConfigured":1150000}