{"SentMessagesPerSecondMeasurements":[1363834.4896450897,1288209.2694835828,1303494.9426977844,1344614.495878236,1358397.0842725052,1298280.9376564997],"SentBytesPerSecondMeasurements":[136383448.96450895,128820926.94835833,130349494.26977845,134461449.5878235,135839708.42725056,129828093.76565],"AckMessagesPerSecondMeasurements":[1355473.0515079417,1297629.6445700496,1320256.518943251,1332044.3092466048,1355253.2054013836,1302475.1564797212],"NumLatencyMeasurements":6669,"Latency50Pct":0.236314352,"Latency75Pct":0.331161888,"Latency90Pct":0.457893541,"Latency99Pct":0.989151756,"Latency999Pct":1.517554821,"Latency9999Pct":1.929768589,"MaxPending":15,"Partitions":64,"Connections":64,"MessageSize":100,"MaxBatchSize":524288,"MessagesPerSecondConfigured":2300000}