{"clients": {"top_cpu_user": [[94.3, 94.7, 94.7, 94.7, 94.6, 94.6], [96.5, 94.8, 94.7, 94.7, 94.6, 94.6]], "top_cpu_kernel": [[4.1000000000000005, 4.2, 4.2, 4.2, 4.2, 4.2], [2.5, 4.2, 4.2, 4.2, 4.2, 4.3]], "top_cpu_idle": [[1.6, 1.1, 1.1, 1.1, 1.2, 1.1], [1.0, 1.1, 1.1, 1.1, 1.2, 1.1]], "top_cpu_wait_io": [[0.0, 0.0, 0.0, 0.0, 0.0, 0.0], [0.0, 0.0, 0.0, 0.0, 0.0, 0.0]], "iotop_disk_read": [[0.0, 0.0, 0.0, 0.0, 0.0, 0.0], [0.0, 0.0, 0.0, 0.0, 0.0, 0.0]], "iotop_disk_write": [[0.0, 6.53, 0.0, 0.0, 17.53, 0.0], [0.0, 16.74, 1.63, 0.0, 2.45, 0.0]], "bmon_rx_Bps": [[0.0, 915957.69, 874483.0, 882412.62, 899104.5, 914395.88], [0.0, 863912.88, 889665.88, 891110.62, 906491.25, 896353.56]], "bmon_tx_Bps": [[0.0, 123284272.0, 121834816.0, 121780656.0, 122700576.0, 122193304.0], [0.0, 120714584.0, 121731240.0, 122079592.0, 121736064.0, 123327792.0]]}, "broker": {"top_cpu_user": [[18.5, 17.1, 17.1, 17.1, 17.3, 17.2]], "top_cpu_kernel": [[81.4, 70.0, 70.2, 70.7, 70.19999999999999, 69.9]], "top_cpu_idle": [[0.0, 12.9, 12.7, 12.2, 12.5, 12.9]], "top_cpu_wait_io": [[0.0, 0.0, 0.0, 0.0, 0.0, 0.0]], "iotop_disk_read": [[0.0, 0.0, 0.0, 0.0, 0.0, 0.0]], "iotop_disk_write": [[0.0, 0.4, 0.0, 0.0, 25.16, 0.0]], "bmon_rx_Bps": [[0.0, 1068315392.0, 1064192512.0, 1064455808.0, 1068374656.0, 1067705408.0]], "bmon_tx_Bps": [[0.0, 1661708032.0, 1653213184.0, 1652477184.0, 1658286080.0, 1657393536.0]]}, "log": {"top_cpu_user": [[32.6, 30.6, 30.5, 30.6, 31.1, 30.5], [29.9, 28.6, 28.5, 28.8, 28.7, 29.1], [33.5, 30.9, 30.8, 30.9, 31.1, 31.2]], "top_cpu_kernel": [[28.799999999999997, 29.299999999999997, 28.799999999999997, 28.900000000000002, 28.6, 28.7], [26.6, 27.2, 27.700000000000003, 27.2, 27.3, 27.3], [27.7, 30.3, 29.9, 30.099999999999998, 29.8, 29.9]], "top_cpu_idle": [[38.0, 40.1, 40.7, 40.5, 40.3, 40.7], [43.4, 44.2, 43.9, 44.0, 43.9, 43.7], [38.5, 38.7, 39.3, 39.0, 39.1, 39.0]], "top_cpu_wait_io": [[0.3, 0.0, 0.0, 0.0, 0.0, 0.0], [0.0, 0.0, 0.0, 0.0, 0.0, 0.0], [0.0, 0.0, 0.0, 0.0, 0.0, 0.0]], "iotop_disk_read": [[0.0, 0.0, 0.0, 0.0, 0.0, 0.0], [0.0, 0.0, 0.0, 0.0, 0.0, 0.0], [0.0, 0.0, 0.0, 0.0, 0.0, 0.0]], "iotop_disk_write": [[0.0, 818161.08, 819191.42, 816685.2, 812239.33, 811277.5], [0.0, 793600.71, 801693.52, 794258.21, 793903.94, 792885.61], [0.0, 818733.04, 816775.09, 819442.7, 814720.09, 816027.51]], "bmon_rx_Bps": [[0.0, 544446848.0, 542514368.0, 543142336.0, 544625280.0, 544184256.0], [0.0, 543343552.0, 542766464.0, 543046208.0, 544211328.0, 543696384.0], [0.0, 542071872.0, 543170944.0, 543389056.0, 543595008.0, 543961088.0]], "bmon_tx_Bps": [[0.0, 279711424.0, 278673280.0, 278898176.0, 279651840.0, 279290368.0], [0.0, 278823104.0, 278631936.0, 278641088.0, 279273280.0, 278940160.0], [0.0, 278503552.0, 279020448.0, 279099264.0, 279194112.0, 279408256.0]]}}