{"clients": {"top_cpu_user": [[94.4, 95.1, 95.1, 95.0, 95.1, 95.0]], "top_cpu_kernel": [[5.0, 4.3, 4.4, 4.4, 4.4, 4.5]], "top_cpu_idle": [[0.6, 0.6, 0.6, 0.5, 0.5, 0.5]], "top_cpu_wait_io": [[0.0, 0.0, 0.0, 0.0, 0.0, 0.0]], "iotop_disk_read": [[0.0, 0.0, 0.0, 0.0, 0.0, 0.0]], "iotop_disk_write": [[0.0, 5.72, 0.0, 0.0, 17.15, 0.0]], "bmon_rx_Bps": [[0.0, 4228530.5, 4320193.5, 4373020.5, 4375016.0, 4391973.0]], "bmon_tx_Bps": [[0.0, 1141930752.0, 1162521344.0, 1175757568.0, 1173609856.0, 1180025216.0]]}, "broker": {"top_cpu_user": [[31.8, 30.5, 30.8, 31.0, 30.5, 30.6]], "top_cpu_kernel": [[34.5, 36.3, 37.5, 37.4, 37.2, 37.9]], "top_cpu_idle": [[33.8, 33.3, 31.6, 31.5, 32.3, 31.5]], "top_cpu_wait_io": [[0.0, 0.0, 0.0, 0.0, 0.0, 0.0]], "iotop_disk_read": [[0.0, 0.0, 0.0, 0.0, 0.0, 0.0]], "iotop_disk_write": [[0.0, 0.4, 0.0, 0.0, 16.78, 0.0]], "bmon_rx_Bps": [[0.0, 1263363584.0, 1286545152.0, 1300672000.0, 1298662656.0, 1305486080.0]], "bmon_tx_Bps": [[0.0, 3532375040.0, 3605417984.0, 3646688256.0, 3640473856.0, 3662050816.0]]}, "log": {"top_cpu_user": [[34.3, 33.9, 33.4, 32.9, 33.4, 33.4], [34.0, 33.6, 33.2, 33.5, 33.3, 33.3], [33.1, 33.7, 33.3, 33.5, 33.4, 33.1]], "top_cpu_kernel": [[25.1, 24.1, 24.2, 24.6, 24.2, 24.299999999999997], [25.4, 24.1, 24.5, 24.2, 24.299999999999997, 24.4], [26.299999999999997, 24.4, 24.7, 24.4, 24.599999999999998, 24.5]], "top_cpu_idle": [[40.6, 42.0, 42.5, 42.5, 42.4, 42.3], [40.6, 42.3, 42.3, 42.3, 42.3, 42.3], [40.4, 41.9, 42.0, 42.1, 42.1, 42.3]], "top_cpu_wait_io": [[0.0, 0.0, 0.0, 0.0, 0.0, 0.0], [0.0, 0.0, 0.0, 0.0, 0.0, 0.0], [0.0, 0.0, 0.0, 0.0, 0.0, 0.0]], "iotop_disk_read": [[0.0, 0.0, 0.0, 0.0, 0.0, 0.0], [0.0, 0.0, 0.0, 0.0, 0.0, 0.0], [0.0, 0.0, 0.0, 0.0, 0.0, 0.0]], "iotop_disk_write": [[0.0, 1215836.0, 1248230.77, 1258697.25, 1251166.03, 1261405.88], [0.0, 1215729.16, 1248446.18, 1258421.97, 1251223.46, 1261310.62], [0.0, 1216151.21, 1248182.18, 1258828.22, 1251222.49, 1260443.22]], "bmon_rx_Bps": [[0.0, 1173493504.0, 1197462784.0, 1211037952.0, 1208980224.0, 1216078848.0], [0.0, 1173988224.0, 1197408256.0, 1210948608.0, 1209046016.0, 1216129408.0], [0.0, 1174173312.0, 1197436672.0, 1210893824.0, 1209015296.0, 1215939840.0]], "bmon_tx_Bps": [[0.0, 43251008.0, 44162560.0, 44637192.0, 44535804.0, 44851152.0], [0.0, 43145864.0, 44043832.0, 44482400.0, 44368324.0, 44641768.0], [0.0, 43047140.0, 43959572.0, 44433336.0, 44332656.0, 44599072.0]]}}