{"clients": {"top_cpu_user": [[92.2, 94.3, 94.7, 94.5, 94.3, 94.2], [95.3, 94.4, 94.4, 94.2, 94.2, 94.5]], "top_cpu_kernel": [[6.5, 4.4, 4.3, 4.3, 4.5, 4.5], [4.1000000000000005, 4.4, 4.5, 4.6, 4.6, 4.4]], "top_cpu_idle": [[1.2, 1.2, 1.0, 1.2, 1.2, 1.3], [0.6, 1.2, 1.1, 1.2, 1.2, 1.1]], "top_cpu_wait_io": [[0.0, 0.0, 0.0, 0.0, 0.0, 0.0], [0.0, 0.0, 0.0, 0.0, 0.0, 0.0]], "iotop_disk_read": [[0.0, 0.0, 0.0, 0.0, 0.0, 0.0], [0.0, 0.0, 0.0, 0.0, 0.0, 0.0]], "iotop_disk_write": [[0.0, 6.95, 0.0, 0.0, 18.76, 0.0], [0.0, 15.51, 0.0, 0.0, 4.9, 1.23]], "bmon_rx_Bps": [[0.0, 501368.62, 479626.81, 500597.31, 525896.62, 499906.59], [0.0, 537609.56, 513864.56, 547568.5, 575261.69, 534579.0]], "bmon_tx_Bps": [[0.0, 143239408.0, 139828752.0, 139466704.0, 139904544.0, 143487168.0], [0.0, 142539728.0, 144677616.0, 145239504.0, 143530720.0, 142332192.0]]}, "broker": {"top_cpu_user": [[18.4, 18.1, 18.0, 18.4, 18.2, 18.2]], "top_cpu_kernel": [[81.6, 81.8, 82.0, 81.5, 81.69999999999999, 81.8]], "top_cpu_idle": [[0.0, 0.0, 0.0, 0.0, 0.0, 0.0]], "top_cpu_wait_io": [[0.0, 0.0, 0.0, 0.0, 0.0, 0.0]], "iotop_disk_read": [[0.0, 0.0, 0.0, 0.0, 0.0, 0.0]], "iotop_disk_write": [[0.0, 0.8, 25.14, 0.0, 4.79, 0.0]], "bmon_rx_Bps": [[0.0, 1256749440.0, 1255754240.0, 1256037888.0, 1252716416.0, 1258198656.0]], "bmon_tx_Bps": [[0.0, 1939401216.0, 1941352192.0, 1941486848.0, 1936269312.0, 1942775552.0]]}, "log": {"top_cpu_user": [[28.6, 28.1, 28.4, 28.5, 28.5, 28.5], [27.5, 26.8, 27.0, 26.8, 26.4, 26.2], [27.7, 28.3, 28.5, 28.0, 28.3, 28.3]], "top_cpu_kernel": [[33.0, 32.7, 32.3, 32.3, 33.1, 32.6], [30.9, 31.2, 30.9, 30.8, 30.700000000000003, 30.8], [34.4, 33.5, 33.2, 32.8, 32.8, 32.8]], "top_cpu_idle": [[37.6, 39.2, 39.3, 39.3, 38.4, 38.9], [41.6, 42.0, 42.1, 42.4, 42.8, 42.9], [37.9, 38.2, 38.3, 39.3, 38.8, 38.9]], "top_cpu_wait_io": [[0.0, 0.0, 0.0, 0.0, 0.0, 0.0], [0.0, 0.0, 0.0, 0.0, 0.0, 0.0], [0.0, 0.0, 0.0, 0.0, 0.0, 0.0]], "iotop_disk_read": [[0.0, 0.0, 0.0, 0.0, 0.0, 0.0], [0.0, 0.0, 0.0, 0.0, 0.0, 0.0], [0.0, 0.0, 0.0, 0.0, 0.0, 0.0]], "iotop_disk_write": [[0.0, 980540.88, 987706.9, 979488.8, 990156.32, 986258.78], [0.0, 981163.18, 977924.49, 971394.97, 967740.97, 974309.87], [0.0, 995968.18, 989281.19, 988034.83, 981819.12, 993525.97]], "bmon_rx_Bps": [[0.0, 636642752.0, 637303424.0, 637370432.0, 635703360.0, 637768064.0], [0.0, 636602688.0, 637193728.0, 637265408.0, 635604352.0, 637755904.0], [0.0, 636431552.0, 637116480.0, 637147456.0, 635441152.0, 637487040.0]], "bmon_tx_Bps": [[0.0, 329561056.0, 330120992.0, 329947648.0, 329168384.0, 330371072.0], [0.0, 329751904.0, 330004800.0, 329768768.0, 328748192.0, 330016672.0], [0.0, 329695200.0, 330089536.0, 330063520.0, 328979840.0, 330390368.0]]}}