{"clients": {"top_cpu_user": [[94.0, 90.9, 91.2, 91.4, 91.5, 91.5]], "top_cpu_kernel": [[4.5, 7.1000000000000005, 6.8, 6.7, 6.6000000000000005, 6.6000000000000005]], "top_cpu_idle": [[1.4, 2.0, 2.0, 2.0, 1.9, 1.9]], "top_cpu_wait_io": [[0.0, 0.0, 0.0, 0.0, 0.0, 0.0]], "iotop_disk_read": [[0.0, 0.0, 0.0, 0.0, 0.0, 0.0]], "iotop_disk_write": [[0.0, 20.01, 2.04, 0.0, 3.27, 0.0]], "bmon_rx_Bps": [[0.0, 1794353.5, 1783563.88, 1785458.25, 1790950.75, 1805353.0]], "bmon_tx_Bps": [[0.0, 201450672.0, 193336192.0, 189779040.0, 186880896.0, 188045040.0]]}, "broker": {"top_cpu_user": [[11.8, 15.1, 14.4, 14.1, 14.1, 13.9]], "top_cpu_kernel": [[21.6, 55.099999999999994, 52.3, 50.8, 50.2, 49.8]], "top_cpu_idle": [[66.7, 29.8, 33.4, 35.1, 35.7, 36.3]], "top_cpu_wait_io": [[0.0, 0.0, 0.0, 0.0, 0.0, 0.0]], "iotop_disk_read": [[0.0, 12.78, 0.0, 0.0, 0.0, 0.0]], "iotop_disk_write": [[0.0, 1150.67, 0.0, 66.31, 146.4, 0.0]], "bmon_rx_Bps": [[0.0, 873458496.0, 837940480.0, 822426752.0, 809114368.0, 814510784.0]], "bmon_tx_Bps": [[0.0, 1354124928.0, 1299650176.0, 1275046400.0, 1254519680.0, 1262898304.0]]}, "log": {"top_cpu_user": [[37.8, 33.0, 33.2, 33.5, 33.2, 33.5], [36.6, 33.1, 33.1, 33.4, 33.5, 33.7], [35.8, 32.8, 33.1, 33.0, 33.1, 33.6]], "top_cpu_kernel": [[20.7, 25.6, 24.9, 24.7, 24.3, 24.6], [22.4, 25.6, 24.9, 25.0, 24.799999999999997, 24.7], [22.8, 25.9, 25.700000000000003, 24.900000000000002, 25.1, 25.2]], "top_cpu_idle": [[41.4, 41.4, 41.9, 41.8, 42.4, 41.9], [40.7, 41.3, 41.9, 41.6, 41.7, 41.6], [41.0, 41.2, 41.2, 42.1, 41.8, 41.2]], "top_cpu_wait_io": [[0.0, 0.0, 0.0, 0.0, 0.0, 0.0], [0.3, 0.0, 0.0, 0.0, 0.0, 0.0], [0.3, 0.0, 0.0, 0.0, 0.0, 0.0]], "iotop_disk_read": [[0.0, 0.0, 0.0, 0.0, 0.0, 0.0], [0.0, 0.0, 0.0, 0.0, 0.0, 0.0], [0.0, 0.0, 0.0, 0.0, 0.0, 0.0]], "iotop_disk_write": [[0.0, 661447.84, 618825.72, 611885.7, 602084.64, 599491.26], [0.0, 654037.43, 625995.13, 610050.14, 605887.46, 597341.64], [0.0, 654935.92, 625139.44, 610152.42, 607749.67, 600205.24]], "bmon_rx_Bps": [[0.0, 445775168.0, 427072064.0, 418786560.0, 412298656.0, 414785504.0], [0.0, 446246464.0, 427575616.0, 418138560.0, 412446912.0, 413953984.0], [0.0, 446053344.0, 428476864.0, 418377856.0, 412293792.0, 413484672.0]], "bmon_tx_Bps": [[0.0, 228560000.0, 218796800.0, 214510960.0, 211072768.0, 212405792.0], [0.0, 228676448.0, 219120704.0, 214275152.0, 211313008.0, 212087664.0], [0.0, 228679728.0, 219559344.0, 214390800.0, 211279568.0, 211896528.0]]}}