{"SentMessagesPerSecondMeasurements":[1866333.552998283,1816373.942260265,1758793.4023650123,1784539.4623963304,1731386.2876815412,1745275.0081294351],"SentBytesPerSecondMeasurements":[186633355.29982823,181637394.22602645,175879340.23650125,178453946.23963302,173138628.7681541,174527500.81294352],"AckMessagesPerSecondMeasurements":[1868947.4602024371,1816894.0358888737,1763507.4775202894,1782963.4968975503,1724052.2154479662,1749465.047050367],"NumLatencyMeasurements":12599,"Latency50Pct":0.059787461,"Latency75Pct":0.078761226,"Latency90Pct":0.105773195,"Latency99Pct":0.230410425,"Latency999Pct":0.336105042,"Latency9999Pct":0.409904624,"MaxPending":15,"Partitions":64,"Connections":64,"MessageSize":100,"MaxBatchSize":524288,"MessagesPerSecondConfigured":2300000}