{"clients": {"top_cpu_user": [[91.7, 90.9, 90.6, 89.7, 89.1, 88.8, 88.6, 88.5, 88.4, 88.0, 88.2, 88.3]], "top_cpu_kernel": [[5.3, 6.5, 6.800000000000001, 7.7, 8.8, 9.1, 9.3, 9.4, 9.5, 9.7, 9.8, 9.6]], "top_cpu_idle": [[3.0, 2.6, 2.5, 2.6, 2.2, 2.0, 2.1, 2.1, 2.1, 2.2, 2.0, 2.1]], "top_cpu_wait_io": [[0.0, 0.0, 0.0, 0.0, 0.0, 0.0, 0.0, 0.0, 0.0, 0.0, 0.0, 0.0]], "iotop_disk_read": [[0.0, 0.0, 0.0, 0.0, 0.0, 0.0, 0.0, 0.0, 0.0, 0.0, 0.0, 0.0]], "iotop_disk_write": [[0.0, 2.45, 0.0, 2.04, 16.75, 1.22, 0.0, 0.0, 3.26, 0.0, 0.0, 1.22]], "bmon_rx_Bps": [[0.0, 1155441.62, 1216530.75, 1312116.0, 1356881.38, 1423897.88, 1772133.62, 1764748.38, 2032095.0, 2321765.0, 2400296.5, 2449611.5]], "bmon_tx_Bps": [[0.0, 157737840.0, 166870928.0, 184193696.0, 221167584.0, 242004832.0, 242972256.0, 248499968.0, 247339520.0, 243707280.0, 243147184.0, 241865376.0]]}, "broker": {"top_cpu_user": [[10.9, 13.7, 14.7, 16.2, 18.9, 19.5, 19.5, 19.8, 19.7, 19.6, 19.4, 19.3]], "top_cpu_kernel": [[28.9, 42.4, 47.0, 53.5, 66.9, 72.1, 70.6, 72.5, 71.19999999999999, 70.4, 70.3, 69.8]], "top_cpu_idle": [[60.3, 43.9, 38.4, 30.3, 14.1, 8.4, 9.9, 7.7, 9.2, 10.0, 10.3, 10.8]], "top_cpu_wait_io": [[0.0, 0.0, 0.0, 0.0, 0.0, 0.0, 0.0, 0.0, 0.0, 0.0, 0.0, 0.0]], "iotop_disk_read": [[0.0, 0.0, 0.0, 0.0, 0.0, 0.0, 0.0, 0.0, 0.0, 0.0, 0.0, 0.0]], "iotop_disk_write": [[0.0, 0.0, 21.97, 0.0, 0.8, 2.0, 0.0, 0.0, 0.0, 0.0, 0.0, 0.0]], "bmon_rx_Bps": [[0.0, 682663424.0, 723291328.0, 798919680.0, 965556608.0, 1055874048.0, 1060704640.0, 1085281024.0, 1083046528.0, 1060916096.0, 1057296640.0, 1052016896.0]], "bmon_tx_Bps": [[0.0, 1056016192.0, 1120349312.0, 1237425024.0, 1497343872.0, 1635467008.0, 1644742528.0, 1682447616.0, 1680677888.0, 1645011328.0, 1639299584.0, 1632097792.0]]}, "log": {"top_cpu_user": [[29.7, 29.2, 28.9, 28.5, 26.7, 25.6, 25.6, 25.4, 25.5, 25.7, 25.3, 25.8], [29.6, 29.2, 28.7, 28.0, 26.4, 25.7, 26.2, 25.6, 26.0, 26.1, 26.1, 26.1], [32.0, 32.0, 31.5, 30.6, 29.2, 28.5, 28.6, 28.1, 28.7, 28.6, 28.5, 28.8]], "top_cpu_kernel": [[20.3, 20.4, 20.9, 22.6, 25.3, 26.799999999999997, 26.4, 27.6, 26.7, 26.7, 25.4, 26.0], [21.0, 20.7, 21.4, 22.7, 25.3, 26.9, 26.5, 27.200000000000003, 26.299999999999997, 26.0, 26.2, 26.0], [21.8, 21.7, 22.4, 24.3, 26.900000000000002, 27.8, 27.4, 28.2, 27.6, 27.0, 27.2, 27.2]], "top_cpu_idle": [[50.0, 50.4, 50.1, 49.0, 48.1, 47.6, 48.0, 46.9, 47.8, 47.6, 49.3, 48.2], [49.3, 50.1, 49.9, 49.3, 48.3, 47.4, 47.3, 47.1, 47.7, 47.9, 47.7, 47.9], [46.1, 46.3, 46.1, 45.1, 43.9, 43.7, 44.0, 43.6, 43.7, 44.4, 44.2, 44.0]], "top_cpu_wait_io": [[0.0, 0.0, 0.0, 0.0, 0.0, 0.0, 0.0, 0.0, 0.0, 0.0, 0.0, 0.0], [0.0, 0.0, 0.0, 0.0, 0.0, 0.0, 0.0, 0.0, 0.0, 0.0, 0.0, 0.0], [0.0, 0.0, 0.0, 0.0, 0.0, 0.0, 0.0, 0.0, 0.0, 0.0, 0.0, 0.0]], "iotop_disk_read": [[0.0, 0.0, 0.0, 0.0, 0.0, 0.0, 0.0, 0.0, 0.0, 0.0, 0.0, 0.0], [0.0, 0.0, 0.0, 0.0, 0.0, 0.0, 0.0, 0.0, 0.0, 0.0, 0.0, 0.0], [0.0, 0.0, 0.0, 0.0, 0.0, 0.0, 0.0, 0.0, 0.0, 0.0, 0.0, 0.0]], "iotop_disk_write": [[0.0, 511166.0, 547417.29, 623362.22, 769917.19, 832091.41, 809260.27, 834323.41, 814934.7, 810924.63, 798572.09, 792592.76], [0.0, 517815.1, 556031.08, 629534.6, 783374.3, 848198.49, 826000.1, 858086.66, 835025.77, 824330.83, 821081.22, 812897.02], [0.0, 512263.94, 549913.94, 629202.55, 781547.43, 834436.17, 811669.37, 838483.99, 820805.39, 804584.15, 812616.75, 800465.39]], "bmon_rx_Bps": [[0.0, 348485088.0, 368250080.0, 406654944.0, 491319872.0, 537525952.0, 539982272.0, 552158592.0, 551504832.0, 539936576.0, 537856896.0, 535448768.0], [0.0, 348677056.0, 367998592.0, 407364000.0, 490819392.0, 537843136.0, 540139392.0, 552238080.0, 550874368.0, 540352832.0, 538068480.0, 535520576.0], [0.0, 349065312.0, 368222880.0, 407844672.0, 490920128.0, 537957760.0, 540107968.0, 552212800.0, 550062720.0, 540578496.0, 538172608.0, 535418688.0]], "bmon_tx_Bps": [[0.0, 178806704.0, 188882976.0, 208742944.0, 252488000.0, 276570848.0, 277751296.0, 284103744.0, 283660608.0, 277710432.0, 276367648.0, 275031840.0], [0.0, 178996832.0, 188879424.0, 209168480.0, 252454176.0, 277133888.0, 278189312.0, 284707968.0, 283951808.0, 278295168.0, 277107616.0, 275665152.0], [0.0, 179001152.0, 188812512.0, 209309248.0, 252312080.0, 276763904.0, 277752640.0, 284040512.0, 282995392.0, 277796352.0, 276632320.0, 275085440.0]]}}