{"clients": {"top_cpu_user": [[94.7, 93.0, 93.1, 93.6, 94.1, 94.3]], "top_cpu_kernel": [[3.9, 4.6, 4.7, 4.6, 4.6, 4.4]], "top_cpu_idle": [[1.4, 2.4, 2.2, 1.8, 1.3, 1.3]], "top_cpu_wait_io": [[0.0, 0.0, 0.0, 0.0, 0.0, 0.0]], "iotop_disk_read": [[0.0, 0.0, 0.0, 0.0, 0.0, 0.0]], "iotop_disk_write": [[0.0, 2.45, 3.67, 0.0, 20.4, 0.0]], "bmon_rx_Bps": [[0.0, 968008.19, 1017557.56, 998307.25, 952531.75, 942508.56]], "bmon_tx_Bps": [[0.0, 99194904.0, 99353152.0, 98439992.0, 98325736.0, 98521648.0]]}, "broker": {"top_cpu_user": [[7.1, 9.6, 9.8, 9.7, 9.7, 9.6]], "top_cpu_kernel": [[22.4, 27.6, 29.3, 29.299999999999997, 28.4, 28.5]], "top_cpu_idle": [[70.5, 62.8, 60.9, 61.0, 61.9, 61.9]], "top_cpu_wait_io": [[0.0, 0.0, 0.0, 0.0, 0.0, 0.0]], "iotop_disk_read": [[0.0, 0.0, 0.0, 0.0, 0.0, 0.0]], "iotop_disk_write": [[0.0, 21.17, 0.0, 3.6, 2.0, 0.0]], "bmon_rx_Bps": [[0.0, 429182496.0, 430348352.0, 426782976.0, 425884160.0, 427131456.0]], "bmon_tx_Bps": [[0.0, 664184960.0, 666696192.0, 661457024.0, 659397376.0, 661580032.0]]}, "log": {"top_cpu_user": [[31.3, 30.3, 30.1, 30.5, 30.8, 30.7], [32.2, 30.7, 30.5, 30.4, 30.6, 30.8], [34.8, 33.6, 33.4, 33.4, 33.5, 33.2]], "top_cpu_kernel": [[17.7, 18.2, 18.299999999999997, 18.0, 17.7, 17.7], [17.1, 17.9, 18.0, 18.1, 18.0, 17.799999999999997], [18.8, 19.4, 19.6, 19.5, 19.5, 19.5]], "top_cpu_idle": [[51.0, 51.5, 51.5, 51.5, 51.5, 51.6], [50.7, 51.4, 51.4, 51.5, 51.3, 51.5], [46.4, 47.0, 46.9, 47.1, 47.0, 47.3]], "top_cpu_wait_io": [[0.0, 0.0, 0.0, 0.0, 0.0, 0.0], [0.0, 0.0, 0.0, 0.0, 0.0, 0.0], [0.0, 0.0, 0.0, 0.0, 0.0, 0.0]], "iotop_disk_read": [[0.0, 0.0, 0.0, 0.0, 0.0, 0.0], [0.0, 0.0, 0.0, 0.0, 0.0, 0.0], [0.0, 0.0, 0.0, 0.0, 0.0, 0.0]], "iotop_disk_write": [[0.0, 329417.44, 336894.16, 336121.43, 330035.81, 331860.22], [0.0, 323813.01, 330302.08, 329280.04, 327123.54, 322796.45], [0.0, 334304.81, 338595.86, 333904.47, 331968.42, 335148.96]], "bmon_rx_Bps": [[0.0, 218854752.0, 218441376.0, 217178816.0, 216643696.0, 217145968.0], [0.0, 218877456.0, 218197728.0, 217042624.0, 216999712.0, 216658784.0], [0.0, 219086480.0, 218562160.0, 217454768.0, 216936464.0, 217102864.0]], "bmon_tx_Bps": [[0.0, 112343344.0, 112247088.0, 111652560.0, 111312640.0, 111572672.0], [0.0, 112312136.0, 112054816.0, 111535392.0, 111524344.0, 111263888.0], [0.0, 112568736.0, 112387880.0, 111786088.0, 111521464.0, 111617056.0]]}}