{
    "SentMessagesPerSecondMeasurements": [
        1484106.5754982673,
        1627723.8907454656,
        1811923.687246453,
        2214614.548282096,
        2352891.689905878,
        2284249.089544667,
        2361513.6937456783,
        2290906.301703766,
        2271917.6214474486,
        2295148.6383057386,
        2243707.7218803763,
        2278858.1896279776
    ],
    "SentBytesPerSecondMeasurements": [
        148410657.54982662,
        162772389.0745466,
        181192368.7246453,
        221461454.82820964,
        235289168.9905876,
        228424908.9544667,
        236151369.37456784,
        229090630.17037654,
        227191762.14474493,
        229514863.83057395,
        224370772.18803757,
        227885818.96279764
    ],
    "AckMessagesPerSecondMeasurements": [
        1475838.4043095794,
        1637300.436552443,
        1799636.7521605855,
        2213535.9665939314,
        2351292.461651812,
        2287056.491622309,
        2352427.055182566,
        2306202.1873279763,
        2270970.057124113,
        2292369.724439891,
        2250924.610389388,
        2277286.9656634238
    ],
    "NumLatencyMeasurements": 111526,
    "Latency50Pct": 0.028122471,
    "Latency75Pct": 0.047194401,
    "Latency90Pct": 0.086454823,
    "Latency99Pct": 0.255154976,
    "Latency999Pct": 0.437220882,
    "Latency9999Pct": 0.641024343,
    "MaxPending": 240,
    "Partitions": 64,
    "Connections": 32,
    "MessageSize": 100,
    "MaxBatchSize": 32768,
    "MessagesPerSecondConfigured": 4600000
}