{"SentMessagesPerSecondMeasurements":[461268.2381138287,459317.2197088699,460603.7218774393,459544.97307452856,458786.15657118417,460664.12161082815],"SentBytesPerSecondMeasurements":[46126823.81138288,45931721.97088697,46060372.18774392,45954497.307452865,45878615.65711845,46066412.16108282],"AckMessagesPerSecondMeasurements":[461300.75064821274,459611.2715791952,460081.7854812627,459512.1380012903,458785.7866429817,460664.21424452827],"NumLatencyMeasurements":64837,"Latency50Pct":0.020631417,"Latency75Pct":0.021816672,"Latency90Pct":0.040540404,"Latency99Pct":0.07656743,"Latency999Pct":0.12278182,"Latency9999Pct":0.157026517,"MaxPending":240,"Partitions":64,"Connections":32,"MessageSize":100,"MaxBatchSize":32768,"MessagesPerSecondConfigured":460000}