{"clients": {"top_cpu_user": [[93.3, 91.0, 90.4, 89.8, 89.4, 89.0]], "top_cpu_kernel": [[5.5, 6.4, 7.0, 7.699999999999999, 8.7, 9.0]], "top_cpu_idle": [[1.2, 2.6, 2.6, 2.5, 1.9, 2.0]], "top_cpu_wait_io": [[0.0, 0.0, 0.0, 0.0, 0.0, 0.0]], "iotop_disk_read": [[0.0, 0.0, 0.0, 0.0, 0.0, 0.0]], "iotop_disk_write": [[0.0, 2.45, 0.0, 0.0, 20.4, 0.0]], "bmon_rx_Bps": [[0.0, 1027802.12, 1116415.88, 1164739.0, 1253567.25, 1351804.88]], "bmon_tx_Bps": [[0.0, 156553664.0, 169324944.0, 191571040.0, 228147456.0, 245192544.0]]}, "broker": {"top_cpu_user": [[7.8, 13.7, 14.8, 16.6, 19.5, 19.9]], "top_cpu_kernel": [[20.1, 42.5, 48.6, 55.900000000000006, 70.2, 72.7]], "top_cpu_idle": [[72.1, 43.8, 36.6, 27.5, 10.3, 7.5]], "top_cpu_wait_io": [[0.0, 0.0, 0.0, 0.0, 0.0, 0.0]], "iotop_disk_read": [[0.0, 0.0, 0.0, 0.0, 0.0, 0.0]], "iotop_disk_write": [[0.0, 4.0, 0.0, 0.0, 17.57, 0.0]], "bmon_rx_Bps": [[0.0, 678266752.0, 733942784.0, 828852864.0, 1002695488.0, 1072344576.0]], "bmon_tx_Bps": [[0.0, 1050254720.0, 1136766976.0, 1282889984.0, 1557230848.0, 1662510848.0]]}, "log": {"top_cpu_user": [[30.1, 29.5, 29.3, 28.3, 26.7, 26.2], [28.9, 29.3, 29.0, 27.9, 26.2, 26.0], [32.1, 32.0, 31.3, 30.4, 28.8, 28.9]], "top_cpu_kernel": [[20.2, 20.0, 20.9, 22.7, 26.1, 26.2], [22.2, 20.7, 21.6, 22.4, 25.700000000000003, 26.4], [23.9, 21.8, 23.2, 23.9, 27.599999999999998, 28.5]], "top_cpu_idle": [[49.7, 50.5, 49.9, 49.0, 47.2, 47.6], [48.9, 50.0, 49.4, 49.6, 48.1, 47.6], [44.0, 46.2, 45.5, 45.6, 43.6, 42.6]], "top_cpu_wait_io": [[0.0, 0.0, 0.0, 0.0, 0.0, 0.0], [0.0, 0.0, 0.0, 0.0, 0.0, 0.0], [0.0, 0.0, 0.0, 0.0, 0.0, 0.0]], "iotop_disk_read": [[0.0, 0.0, 0.0, 0.0, 0.0, 0.0], [0.0, 0.0, 0.0, 0.0, 0.0, 0.0], [0.0, 0.0, 0.0, 0.0, 0.0, 0.0]], "iotop_disk_write": [[0.0, 511047.54, 562138.39, 650681.37, 821379.22, 842706.82], [0.0, 501746.51, 555510.14, 631221.4, 788352.68, 816091.41], [0.0, 514607.81, 581625.87, 657593.88, 826074.44, 862726.43]], "bmon_rx_Bps": [[0.0, 345920032.0, 374328608.0, 421836640.0, 511435040.0, 546080640.0], [0.0, 346537728.0, 374394752.0, 421797024.0, 511102144.0, 545640256.0], [0.0, 347641568.0, 374955968.0, 422252672.0, 511288448.0, 545992320.0]], "bmon_tx_Bps": [[0.0, 177327712.0, 191838080.0, 216443616.0, 262993376.0, 280901984.0], [0.0, 177593760.0, 191925152.0, 216194816.0, 262375264.0, 280340576.0], [0.0, 178487712.0, 192688832.0, 217012032.0, 263318320.0, 281593856.0]]}}