{"clients": {"top_cpu_user": [[94.3, 95.2, 95.4, 95.6, 96.1, 96.5]], "top_cpu_kernel": [[3.7, 2.8, 2.9, 2.9, 2.8, 2.6999999999999997]], "top_cpu_idle": [[2.0, 1.9, 1.8, 1.5, 1.1, 0.8]], "top_cpu_wait_io": [[0.0, 0.0, 0.0, 0.0, 0.0, 0.0]], "iotop_disk_read": [[0.0, 0.0, 0.0, 0.0, 0.0, 0.0]], "iotop_disk_write": [[0.0, 18.37, 3.27, 0.0, 1.22, 0.0]], "bmon_rx_Bps": [[0.0, 704232.38, 688148.12, 669028.88, 658518.75, 644915.5]], "bmon_tx_Bps": [[0.0, 49402252.0, 49517196.0, 49504692.0, 49364808.0, 49404512.0]]}, "broker": {"top_cpu_user": [[4.5, 5.5, 5.3, 5.4, 5.4, 5.4]], "top_cpu_kernel": [[14.8, 14.5, 15.4, 15.7, 15.7, 15.5]], "top_cpu_idle": [[80.8, 80.0, 79.2, 78.9, 79.0, 79.0]], "top_cpu_wait_io": [[0.0, 0.0, 0.0, 0.0, 0.0, 0.0]], "iotop_disk_read": [[0.0, 0.0, 0.0, 0.0, 0.0, 0.0]], "iotop_disk_write": [[0.0, 3.2, 0.0, 0.0, 17.18, 0.0]], "bmon_rx_Bps": [[0.0, 213245312.0, 214130416.0, 213922304.0, 213732752.0, 213807184.0]], "bmon_tx_Bps": [[0.0, 330362368.0, 332352032.0, 332316192.0, 332156704.0, 332097952.0]]}, "log": {"top_cpu_user": [[33.6, 32.0, 31.8, 31.9, 31.9, 31.9], [32.0, 31.9, 32.0, 31.9, 32.0, 32.0], [35.2, 34.8, 34.6, 34.6, 34.7, 34.6]], "top_cpu_kernel": [[14.700000000000001, 15.4, 15.299999999999999, 15.299999999999999, 15.299999999999999, 15.2], [16.3, 15.1, 15.299999999999999, 15.5, 15.2, 15.2], [17.7, 16.6, 16.7, 16.7, 16.7, 16.9]], "top_cpu_idle": [[51.7, 52.6, 52.8, 52.8, 52.8, 52.9], [51.4, 52.9, 52.7, 52.6, 52.7, 52.7], [47.1, 48.6, 48.6, 48.7, 48.6, 48.6]], "top_cpu_wait_io": [[0.0, 0.0, 0.0, 0.0, 0.0, 0.0], [0.3, 0.0, 0.0, 0.0, 0.0, 0.0], [0.0, 0.0, 0.0, 0.0, 0.0, 0.0]], "iotop_disk_read": [[0.0, 0.0, 0.0, 0.0, 0.0, 0.0], [0.0, 0.0, 0.0, 0.0, 0.0, 0.0], [0.0, 0.0, 0.0, 0.0, 0.0, 0.0]], "iotop_disk_write": [[0.0, 164887.1, 166000.24, 164795.92, 164081.69, 164284.52], [0.0, 158897.16, 164789.16, 161876.85, 160640.0, 162392.74], [0.0, 165667.39, 167606.31, 165545.88, 166441.98, 166680.03]], "bmon_rx_Bps": [[0.0, 108295952.0, 108974016.0, 108934872.0, 108760312.0, 108887808.0], [0.0, 108479856.0, 108870864.0, 108909728.0, 108650712.0, 108759352.0], [0.0, 108618936.0, 109119944.0, 108759408.0, 108813584.0, 108917824.0]], "bmon_tx_Bps": [[0.0, 55581036.0, 55861812.0, 55842132.0, 55733004.0, 55808520.0], [0.0, 55613640.0, 55897344.0, 55906308.0, 55740128.0, 55821976.0], [0.0, 55822080.0, 56082796.0, 55873176.0, 55913248.0, 55985216.0]]}}