{"SentMessagesPerSecondMeasurements":[932066.5640613369,916551.3161346215,920512.2534638653,919302.8101139682,916640.8222941784,919034.5427479757],"SentBytesPerSecondMeasurements":[93206656.40613374,91655131.61346214,92051225.3463865,91930281.0113968,91664082.22941786,91903454.2747975],"AckMessagesPerSecondMeasurements":[934615.1854305046,915669.4428150635,920937.2964112889,920349.3434104746,916346.5639046017,919295.9599606922],"NumLatencyMeasurements":74318,"Latency50Pct":0.020446417,"Latency75Pct":0.022216574,"Latency90Pct":0.040259722,"Latency99Pct":0.102214521,"Latency999Pct":0.20573045,"Latency9999Pct":0.27363632,"MaxPending":240,"Partitions":64,"Connections":32,"MessageSize":100,"MaxBatchSize":32768,"MessagesPerSecondConfigured":920000}