{"SentMessagesPerSecondMeasurements":[1497264.8150011036,1638532.0542559132,1955288.3789357436,2274773.5337954494,2352933.3964689537,2286069.2767502544],"SentBytesPerSecondMeasurements":[149726481.5001104,163853205.42559132,195528837.8935744,227477353.37954482,235293339.64689535,228606927.6750255],"AckMessagesPerSecondMeasurements":[1489915.7189407337,1647579.8657621108,1921934.2494998327,2284120.808958291,2355847.4260590915,2291453.8701790124],"NumLatencyMeasurements":45488,"Latency50Pct":0.028823502,"Latency75Pct":0.056067892,"Latency90Pct":0.123234533,"Latency99Pct":0.320873229,"Latency999Pct":0.502934732,"Latency9999Pct":0.690746995,"MaxPending":240,"Partitions":64,"Connections":32,"MessageSize":100,"MaxBatchSize":32768,"MessagesPerSecondConfigured":1840000}