{"clients": {"top_cpu_user": [[93.0, 91.6, 89.4, 89.3, 88.8, 88.8]], "top_cpu_kernel": [[5.1, 6.0, 7.9, 8.1, 8.9, 9.1]], "top_cpu_idle": [[1.9, 2.4, 2.6, 2.6, 2.4, 2.1]], "top_cpu_wait_io": [[0.0, 0.0, 0.0, 0.0, 0.0, 0.0]], "iotop_disk_read": [[0.0, 0.0, 0.0, 0.0, 0.0, 0.0]], "iotop_disk_write": [[0.0, 2.04, 4.89, 0.0, 19.58, 1.22]], "bmon_rx_Bps": [[0.0, 965014.56, 1131412.38, 1283881.75, 1394580.75, 1390951.75]], "bmon_tx_Bps": [[0.0, 146419664.0, 193164720.0, 199699936.0, 222007360.0, 241095504.0]]}, "broker": {"top_cpu_user": [[12.3, 12.8, 17.6, 16.9, 18.6, 19.6]], "top_cpu_kernel": [[32.5, 38.6, 58.8, 57.0, 66.0, 71.7]], "top_cpu_idle": [[55.2, 48.5, 23.5, 26.1, 15.3, 8.8]], "top_cpu_wait_io": [[0.0, 0.0, 0.0, 0.0, 0.0, 0.0]], "iotop_disk_read": [[0.0, 0.0, 0.0, 0.0, 0.0, 0.0]], "iotop_disk_write": [[0.0, 0.0, 18.78, 0.0, 1.2, 1.6]], "bmon_rx_Bps": [[0.0, 633669056.0, 841008000.0, 864687872.0, 967491392.0, 1053935104.0]], "bmon_tx_Bps": [[0.0, 980849920.0, 1303371776.0, 1338338048.0, 1500627968.0, 1634360960.0]]}, "log": {"top_cpu_user": [[30.5, 29.8, 27.8, 27.5, 26.5, 26.7], [31.1, 29.4, 27.1, 27.7, 26.4, 25.4], [34.4, 32.3, 30.3, 30.2, 29.2, 28.3]], "top_cpu_kernel": [[18.9, 19.799999999999997, 23.1, 23.4, 25.4, 26.200000000000003], [17.900000000000002, 19.799999999999997, 23.4, 23.5, 25.3, 26.3], [18.7, 21.3, 25.3, 24.700000000000003, 26.0, 28.1]], "top_cpu_idle": [[50.3, 50.5, 49.1, 49.2, 48.0, 47.2], [51.0, 50.8, 49.5, 48.8, 48.3, 48.2], [46.6, 46.4, 44.4, 45.1, 44.8, 43.5]], "top_cpu_wait_io": [[0.3, 0.0, 0.0, 0.0, 0.0, 0.0], [0.0, 0.0, 0.0, 0.0, 0.0, 0.0], [0.3, 0.0, 0.0, 0.0, 0.0, 0.0]], "iotop_disk_read": [[0.0, 0.0, 0.0, 0.0, 0.0, 0.0], [0.0, 0.0, 0.0, 0.0, 0.0, 0.0], [0.0, 0.0, 0.0, 0.0, 0.0, 0.0]], "iotop_disk_write": [[0.0, 468525.33, 687068.83, 655255.75, 759616.17, 833470.59], [0.0, 469784.54, 687601.33, 660479.18, 767608.14, 825418.6], [0.0, 476231.29, 702881.85, 676817.14, 773446.44, 850576.27]], "bmon_rx_Bps": [[0.0, 322729248.0, 428227872.0, 440080288.0, 492854496.0, 536712832.0], [0.0, 322998560.0, 428506624.0, 440348672.0, 492916480.0, 536511360.0], [0.0, 322722688.0, 428679232.0, 441579712.0, 493130176.0, 536785152.0]], "bmon_tx_Bps": [[0.0, 165351248.0, 219794464.0, 225786144.0, 253016320.0, 276032960.0], [0.0, 165518416.0, 219994544.0, 226038512.0, 253317344.0, 275861024.0], [0.0, 165498208.0, 220260032.0, 226869376.0, 253410768.0, 276388224.0]]}}