{"SentMessagesPerSecondMeasurements":[1407388.5862361763,1567697.1340456954,1664404.0619798983,1383804.933444725,1388462.7389335686,1366824.9953126446],"SentBytesPerSecondMeasurements":[140738858.62361765,156769713.40456954,166440406.19798982,138380493.3444725,138846273.89335695,136682499.53126448],"AckMessagesPerSecondMeasurements":[1410493.2893585442,1561260.5868471437,1666364.8823932698,1388312.7649081964,1384541.7237467153,1369569.4232115552],"NumLatencyMeasurements":66832,"Latency50Pct":0.020400034,"Latency75Pct":0.0266101,"Latency90Pct":0.042729136,"Latency99Pct":0.212569561,"Latency999Pct":0.393265959,"Latency9999Pct":0.540328878,"MaxPending":240,"Partitions":64,"Connections":32,"MessageSize":100,"MaxBatchSize":32768,"MessagesPerSecondConfigured":1380000}