{"clients": {"top_cpu_user": [[95.6, 91.2, 91.0, 89.9, 91.3, 92.2]], "top_cpu_kernel": [[3.1, 6.3, 6.5, 7.4, 6.4, 6.1]], "top_cpu_idle": [[1.3, 2.5, 2.5, 2.7, 2.2, 1.7]], "top_cpu_wait_io": [[0.0, 0.0, 0.0, 0.0, 0.0, 0.0]], "iotop_disk_read": [[0.0, 0.0, 0.0, 0.0, 0.0, 0.0]], "iotop_disk_write": [[0.0, 2.04, 0.0, 1.23, 21.63, 0.0]], "bmon_rx_Bps": [[0.0, 990879.12, 1071995.88, 1248746.0, 1298604.38, 1261811.0]], "bmon_tx_Bps": [[0.0, 149078176.0, 157408672.0, 177018688.0, 156319712.0, 149686144.0]]}, "broker": {"top_cpu_user": [[4.5, 13.0, 14.2, 15.9, 13.8, 13.5]], "top_cpu_kernel": [[12.1, 40.1, 44.0, 51.6, 42.5, 41.6]], "top_cpu_idle": [[83.4, 46.9, 41.8, 32.5, 43.7, 44.9]], "top_cpu_wait_io": [[0.0, 0.0, 0.0, 0.0, 0.0, 0.0]], "iotop_disk_read": [[0.0, 0.0, 0.0, 0.0, 0.0, 0.0]], "iotop_disk_write": [[0.0, 0.0, 0.0, 0.0, 17.17, 0.0]], "bmon_rx_Bps": [[0.0, 646252992.0, 682025984.0, 767776384.0, 678149888.0, 648322368.0]], "bmon_tx_Bps": [[0.0, 1000179776.0, 1055736064.0, 1189053184.0, 1050101120.0, 1004186816.0]]}, "log": {"top_cpu_user": [[32.7, 29.1, 28.8, 28.3, 29.2, 29.6], [32.3, 29.4, 29.1, 28.2, 29.0, 29.3], [34.6, 32.4, 31.8, 31.1, 32.1, 31.9]], "top_cpu_kernel": [[16.2, 21.0, 21.2, 22.6, 20.6, 20.200000000000003], [16.0, 19.9, 21.2, 22.200000000000003, 20.4, 20.4], [18.8, 21.2, 22.0, 23.4, 21.4, 21.1]], "top_cpu_idle": [[51.1, 49.9, 49.9, 49.1, 50.1, 50.2], [51.4, 50.6, 49.8, 49.6, 50.6, 50.4], [46.5, 46.3, 46.2, 45.5, 46.5, 47.0]], "top_cpu_wait_io": [[0.0, 0.0, 0.0, 0.0, 0.0, 0.0], [0.3, 0.0, 0.0, 0.0, 0.0, 0.0], [0.0, 0.0, 0.0, 0.0, 0.0, 0.0]], "iotop_disk_read": [[0.0, 0.0, 0.0, 0.0, 0.0, 0.0], [0.0, 0.0, 0.0, 0.0, 0.0, 0.0], [0.0, 0.0, 0.0, 0.0, 0.0, 0.0]], "iotop_disk_write": [[0.0, 480888.64, 515610.87, 596831.52, 490194.19, 476690.81], [0.0, 489953.89, 528451.04, 610720.63, 503072.45, 487125.53], [0.0, 481017.13, 521768.04, 600852.23, 489242.76, 479780.01]], "bmon_rx_Bps": [[0.0, 329962080.0, 347320576.0, 390273536.0, 344901696.0, 329915520.0], [0.0, 330606720.0, 347605056.0, 390025344.0, 345115648.0, 329301824.0], [0.0, 330671680.0, 348402240.0, 390182784.0, 345155680.0, 328700800.0]], "bmon_tx_Bps": [[0.0, 169151680.0, 178110928.0, 200260320.0, 176984976.0, 169295872.0], [0.0, 169711824.0, 178520448.0, 200476912.0, 177478896.0, 169226912.0], [0.0, 169565232.0, 178707888.0, 200312272.0, 177177984.0, 168664832.0]]}}