{
    "clients": {
        "top_cpu_user": [
            [
                10.5,
                5.2,
                5.0,
                4.9,
                5.0,
                4.9
            ]
        ],
        "top_cpu_kernel": [
            [
                4.4,
                1.7,
                1.7,
                1.9000000000000001,
                1.8,
                1.9000000000000001
            ]
        ],
        "top_cpu_idle": [
            [
                85.1,
                93.0,
                93.3,
                93.2,
                93.2,
                93.2
            ]
        ],
        "top_cpu_wait_io": [
            [
                0.0,
                0.0,
                0.0,
                0.0,
                0.0,
                0.0
            ]
        ],
        "iotop_disk_read": [
            [
                0.0,
                0.0,
                0.0,
                0.0,
                0.0,
                0.0
            ]
        ],
        "iotop_disk_write": [
            [
                0.0,
                11.03,
                20.42,
                8.58,
                8.17,
                6.13
            ]
        ],
        "bmon_rx_Bps": [
            [
                0.0,
                856044.62,
                889318.0,
                876146.0,
                882832.44,
                889511.62
            ]
        ],
        "bmon_tx_Bps": [
            [
                0.0,
                743320064.0,
                749575424.0,
                742470592.0,
                744989824.0,
                756971392.0
            ]
        ]
    },
    "pulsar": {
        "top_cpu_user": [
            [
                8.9,
                3.1,
                3.3,
                3.0,
                3.0,
                3.3
            ]
        ],
        "top_cpu_kernel": [
            [
                21.9,
                8.3,
                8.600000000000001,
                8.5,
                8.5,
                8.8
            ]
        ],
        "top_cpu_idle": [
            [
                69.2,
                88.5,
                88.1,
                88.5,
                88.5,
                87.9
            ]
        ],
        "top_cpu_wait_io": [
            [
                0.0,
                0.0,
                0.0,
                0.0,
                0.0,
                0.0
            ]
        ],
        "iotop_disk_read": [
            [
                0.0,
                0.0,
                0.0,
                0.0,
                0.0,
                0.0
            ]
        ],
        "iotop_disk_write": [
            [
                0.0,
                27.96,
                174.57,
                21.57,
                18.37,
                24.37
            ]
        ],
        "bmon_rx_Bps": [
            [
                0.0,
                749063680.0,
                750647744.0,
                746077440.0,
                744032704.0,
                758223616.0
            ]
        ],
        "bmon_tx_Bps": [
            [
                0.0,
                2245352704.0,
                2251396608.0,
                2236771072.0,
                2187942400.0,
                2301755392.0
            ]
        ]
    },
    "bookkeeper": {
        "top_cpu_user": [
            [
                5.9,
                2.8,
                2.7,
                2.7,
                2.8,
                2.8
            ],
            [
                5.0,
                3.0,
                3.1,
                3.1,
                2.9,
                3.0
            ],
            [
                5.3,
                2.9,
                2.8,
                2.8,
                2.9,
                3.0
            ]
        ],
        "top_cpu_kernel": [
            [
                12.899999999999999,
                5.9,
                6.0,
                5.9,
                5.9,
                6.1
            ],
            [
                12.2,
                6.3,
                6.5,
                6.5,
                6.2,
                6.5
            ],
            [
                8.7,
                5.699999999999999,
                5.8,
                5.9,
                5.8,
                6.0
            ]
        ],
        "top_cpu_idle": [
            [
                76.2,
                86.7,
                86.7,
                86.7,
                86.6,
                86.5
            ],
            [
                76.8,
                86.0,
                85.6,
                85.6,
                86.2,
                85.6
            ],
            [
                80.1,
                86.8,
                86.5,
                86.6,
                86.5,
                86.3
            ]
        ],
        "top_cpu_wait_io": [
            [
                5.0,
                4.7,
                4.6,
                4.6,
                4.7,
                4.6
            ],
            [
                5.9,
                4.7,
                4.8,
                4.8,
                4.7,
                4.8
            ],
            [
                5.9,
                4.6,
                4.8,
                4.7,
                4.8,
                4.7
            ]
        ],
        "iotop_disk_read": [
            [
                0.0,
                0.41,
                0.0,
                0.0,
                0.0,
                0.0
            ],
            [
                0.0,
                0.41,
                0.0,
                0.0,
                0.0,
                0.0
            ],
            [
                0.0,
                0.0,
                0.0,
                0.0,
                0.0,
                0.0
            ]
        ],
        "iotop_disk_write": [
            [
                0.0,
                1513099.6,
                1515557.67,
                1501696.46,
                1507799.48,
                1513312.68
            ],
            [
                0.0,
                1471822.79,
                1512824.86,
                1496371.18,
                1488847.58,
                1524838.7
            ],
            [
                0.0,
                1496205.38,
                1508152.23,
                1496718.87,
                1503625.73,
                1518299.82
            ]
        ],
        "bmon_rx_Bps": [
            [
                0.0,
                749987712.0,
                745942912.0,
                743586176.0,
                741641984.0,
                754321280.0
            ],
            [
                0.0,
                746788160.0,
                744413760.0,
                743483776.0,
                686682496.0,
                777376256.0
            ],
            [
                0.0,
                741236544.0,
                746870272.0,
                740006528.0,
                748745984.0,
                747706816.0
            ]
        ],
        "bmon_tx_Bps": [
            [
                0.0,
                1279430.12,
                1281153.25,
                1287772.75,
                1269153.5,
                1305883.25
            ],
            [
                0.0,
                1266632.38,
                1230851.25,
                1234112.62,
                1171901.38,
                1342246.12
            ],
            [
                0.0,
                1248548.12,
                1237510.5,
                1223017.12,
                1272267.88,
                1308243.88
            ]
        ]
    }
}