{
    "clients": {
        "top_cpu_user": [
            [
                0.4,
                5.6,
                5.3,
                5.2,
                4.7,
                5.0
            ]
        ],
        "top_cpu_kernel": [
            [
                0.6,
                1.9000000000000001,
                1.9000000000000001,
                1.8,
                1.7,
                1.7
            ]
        ],
        "top_cpu_idle": [
            [
                99.0,
                92.4,
                92.8,
                93.0,
                93.6,
                93.3
            ]
        ],
        "top_cpu_wait_io": [
            [
                0.0,
                0.0,
                0.0,
                0.0,
                0.0,
                0.0
            ]
        ],
        "iotop_disk_read": [
            [
                0.0,
                0.0,
                0.0,
                0.0,
                0.0,
                0.0
            ]
        ],
        "iotop_disk_write": [
            [
                0.0,
                30.24,
                2.45,
                2.45,
                5.31,
                2.45
            ]
        ],
        "bmon_rx_Bps": [
            [
                0.0,
                882055.75,
                871143.19,
                817516.69,
                796090.5,
                814927.25
            ]
        ],
        "bmon_tx_Bps": [
            [
                0.0,
                812409280.0,
                811077440.0,
                767196992.0,
                753102784.0,
                754930560.0
            ]
        ]
    },
    "pulsar": {
        "top_cpu_user": [
            [
                0.6,
                3.3,
                3.4,
                3.2,
                3.3,
                3.0
            ]
        ],
        "top_cpu_kernel": [
            [
                1.2,
                9.0,
                8.9,
                8.8,
                8.4,
                8.600000000000001
            ]
        ],
        "top_cpu_idle": [
            [
                98.1,
                87.7,
                87.6,
                88.0,
                88.4,
                88.4
            ]
        ],
        "top_cpu_wait_io": [
            [
                0.0,
                0.0,
                0.0,
                0.0,
                0.0,
                0.0
            ]
        ],
        "iotop_disk_read": [
            [
                0.0,
                0.0,
                0.0,
                0.0,
                0.0,
                0.0
            ]
        ],
        "iotop_disk_write": [
            [
                0.0,
                80.69,
                71.51,
                73.9,
                80.26,
                29.15
            ]
        ],
        "bmon_rx_Bps": [
            [
                0.0,
                814685440.0,
                813405760.0,
                769365376.0,
                757855744.0,
                755616896.0
            ]
        ],
        "bmon_tx_Bps": [
            [
                0.0,
                2445515008.0,
                2439263232.0,
                2314589696.0,
                2276503296.0,
                2266435072.0
            ]
        ]
    },
    "bookkeeper": {
        "top_cpu_user": [
            [
                0.6,
                3.1,
                3.0,
                2.9,
                2.8,
                2.8
            ],
            [
                1.1,
                3.3,
                3.2,
                3.1,
                3.0,
                3.2
            ],
            [
                0.6,
                3.2,
                3.2,
                3.0,
                2.9,
                2.9
            ]
        ],
        "top_cpu_kernel": [
            [
                2.0,
                6.3999999999999995,
                6.5,
                6.3,
                6.0,
                6.1
            ],
            [
                2.2,
                6.7,
                6.7,
                6.6,
                6.6000000000000005,
                6.6000000000000005
            ],
            [
                2.5,
                6.3,
                6.199999999999999,
                6.0,
                6.0,
                5.8
            ]
        ],
        "top_cpu_idle": [
            [
                94.1,
                85.6,
                85.6,
                86.2,
                86.6,
                86.5
            ],
            [
                93.8,
                85.0,
                85.1,
                85.6,
                85.7,
                85.5
            ],
            [
                90.5,
                85.6,
                85.6,
                86.0,
                86.5,
                86.6
            ]
        ],
        "top_cpu_wait_io": [
            [
                3.4,
                4.9,
                4.9,
                4.7,
                4.6,
                4.6
            ],
            [
                2.8,
                4.9,
                4.9,
                4.7,
                4.7,
                4.7
            ],
            [
                6.4,
                4.9,
                5.0,
                4.8,
                4.6,
                4.6
            ]
        ],
        "iotop_disk_read": [
            [
                0.0,
                0.0,
                0.0,
                0.0,
                0.0,
                0.0
            ],
            [
                0.0,
                1.64,
                0.0,
                0.0,
                0.0,
                0.82
            ],
            [
                0.0,
                0.0,
                0.82,
                0.0,
                0.0,
                0.0
            ]
        ],
        "iotop_disk_write": [
            [
                0.0,
                1567435.06,
                1571298.87,
                1526180.02,
                1515717.75,
                1501311.53
            ],
            [
                0.0,
                1561157.29,
                1538421.39,
                1493753.36,
                1494189.02,
                1508866.81
            ],
            [
                0.0,
                1560285.9,
                1569178.27,
                1548406.73,
                1512076.11,
                1498906.08
            ]
        ],
        "bmon_rx_Bps": [
            [
                0.0,
                811496640.0,
                809336768.0,
                768611968.0,
                755377408.0,
                750883136.0
            ],
            [
                0.0,
                811803968.0,
                809670208.0,
                769017152.0,
                758470848.0,
                748444736.0
            ],
            [
                0.0,
                811444416.0,
                809864128.0,
                776340288.0,
                760695680.0,
                748819200.0
            ]
        ],
        "bmon_tx_Bps": [
            [
                0.0,
                1534829.25,
                1525099.0,
                1447247.75,
                1382507.0,
                1365432.0
            ],
            [
                0.0,
                1494215.38,
                1477030.62,
                1385368.12,
                1340228.25,
                1295244.38
            ],
            [
                0.0,
                1548889.88,
                1549943.0,
                1447608.75,
                1388776.0,
                1377917.25
            ]
        ]
    }
}