{"MessagesPerSecondMeasurements":[965841.9173454624,971243.1698022942,946766.4043574278,931232.0185733914,917137.8373618528,921207.5601799189],"BytesPerSecondMeasurements":[96584191.73454626,97124316.98022938,94676640.43574278,93123201.85733913,91713783.73618521,92120756.0179919],"NumLatencyMeasurements":54836,"Latency50Pct":0.020506114,"Latency75Pct":0.030450617,"Latency90Pct":0.055644172,"Latency99Pct":0.272156133,"Latency999Pct":0.532353902,"Latency9999Pct":0.923199736,"Sync":false,"Partitions":64,"Connections":32,"MessageSize":100,"MaxBatchSize":32768,"MessagesPerSecondConfigured":920000}