{"MessagesPerSecondMeasurements":[1093151.2299210033,1147878.8939944578,1225644.9550057203,1315746.7150317444,1444770.6156661203,1491351.8955851542],"BytesPerSecondMeasurements":[109315122.99210024,114787889.39944583,122564495.50057201,131574671.50317438,144477061.56661204,149135189.5585154],"NumLatencyMeasurements":31020,"Latency50Pct":0.020465699,"Latency75Pct":0.037295896,"Latency90Pct":0.174461613,"Latency99Pct":0.41822701,"Latency999Pct":0.691918048,"Latency9999Pct":0.857012339,"Sync":false,"Partitions":64,"Connections":32,"MessageSize":100,"MaxBatchSize":32768,"MessagesPerSecondConfigured":2300000}