{"clients": {"top_cpu_user": [[93.2, 92.5, 92.7, 93.1, 93.4, 94.0]], "top_cpu_kernel": [[4.1, 4.1, 4.2, 4.0, 4.2, 4.0]], "top_cpu_idle": [[2.7, 3.4, 3.1, 2.9, 2.4, 1.9]], "top_cpu_wait_io": [[0.0, 0.0, 0.0, 0.0, 0.0, 0.0]], "iotop_disk_read": [[0.0, 0.0, 0.0, 0.0, 0.0, 0.0]], "iotop_disk_write": [[0.0, 2.86, 5.31, 1.22, 20.0, 0.0]], "bmon_rx_Bps": [[0.0, 812114.5, 843000.5, 928765.0, 1025647.94, 1032161.88]], "bmon_tx_Bps": [[0.0, 102502984.0, 104295688.0, 101805336.0, 100305688.0, 98738008.0]]}, "broker": {"top_cpu_user": [[7.2, 9.3, 9.5, 9.4, 9.6, 9.6]], "top_cpu_kernel": [[20.299999999999997, 24.9, 26.2, 26.3, 28.4, 28.6]], "top_cpu_idle": [[72.5, 65.8, 64.3, 64.3, 62.0, 61.8]], "top_cpu_wait_io": [[0.0, 0.0, 0.0, 0.0, 0.0, 0.0]], "iotop_disk_read": [[0.0, 0.0, 0.0, 0.0, 0.0, 0.0]], "iotop_disk_write": [[0.0, 0.4, 29.17, 0.0, 0.4, 2.8]], "bmon_rx_Bps": [[0.0, 441570336.0, 450231904.0, 439327104.0, 433209760.0, 427329120.0]], "bmon_tx_Bps": [[0.0, 682211392.0, 696195968.0, 679385088.0, 670840064.0, 662427392.0]]}, "log": {"top_cpu_user": [[33.5, 33.6, 33.7, 33.9, 33.4, 33.5], [36.7, 36.3, 36.3, 36.3, 36.1, 35.8], [36.4, 36.3, 36.1, 35.9, 35.7, 35.4]], "top_cpu_kernel": [[20.6, 18.9, 19.4, 19.2, 19.8, 19.8], [22.0, 20.099999999999998, 20.4, 20.3, 20.599999999999998, 20.900000000000002], [22.1, 20.2, 20.5, 20.4, 20.7, 20.9]], "top_cpu_idle": [[45.9, 47.4, 46.9, 46.9, 46.8, 46.7], [41.4, 43.5, 43.3, 43.3, 43.4, 43.4], [41.6, 43.5, 43.5, 43.6, 43.6, 43.7]], "top_cpu_wait_io": [[0.0, 0.0, 0.0, 0.0, 0.0, 0.0], [0.0, 0.0, 0.0, 0.0, 0.0, 0.0], [0.0, 0.0, 0.0, 0.0, 0.0, 0.0]], "iotop_disk_read": [[0.0, 0.0, 0.0, 0.0, 0.0, 0.0], [0.0, 0.0, 0.0, 0.0, 0.0, 0.0], [0.0, 0.0, 0.0, 0.0, 0.0, 0.0]], "iotop_disk_write": [[0.0, 326353.22, 334186.08, 326022.56, 333462.61, 330072.57], [0.0, 327353.61, 338729.6, 327246.13, 334127.78, 334210.72], [0.0, 321345.03, 333245.77, 326451.81, 329215.69, 333188.86]], "bmon_rx_Bps": [[0.0, 225208688.0, 228824080.0, 223734768.0, 220333088.0, 217253440.0], [0.0, 224872160.0, 228776640.0, 223669936.0, 220428256.0, 217410656.0], [0.0, 224064560.0, 228759760.0, 223765392.0, 219845616.0, 217668992.0]], "bmon_tx_Bps": [[0.0, 115491192.0, 117300784.0, 114763632.0, 113191296.0, 111628280.0], [0.0, 115120480.0, 117119288.0, 114575848.0, 113000424.0, 111529464.0], [0.0, 114720816.0, 117141920.0, 114686376.0, 112765064.0, 111737136.0]]}}