{"MessagesPerSecondMeasurements":[1092630.3431170175,1181545.2227379116,1159310.6891588627,1221697.2090417556,1389658.4719806192,1457266.9296408514],"BytesPerSecondMeasurements":[109263034.31170177,118154522.27379118,115931068.91588633,122169720.90417553,138965847.19806188,145726692.9640851],"NumLatencyMeasurements":29269,"Latency50Pct":0.020552396,"Latency75Pct":0.038691726,"Latency90Pct":0.196303154,"Latency99Pct":0.439823352,"Latency999Pct":0.701133368,"Latency9999Pct":0.941172474,"Sync":false,"Partitions":64,"Connections":32,"MessageSize":100,"MaxBatchSize":32768,"MessagesPerSecondConfigured":1380000}