{"clients": {"top_cpu_user": [[92.6, 91.7, 91.5, 92.3, 91.4, 91.1]], "top_cpu_kernel": [[4.0, 4.8999999999999995, 5.0, 4.6, 5.4, 5.6000000000000005]], "top_cpu_idle": [[3.4, 3.5, 3.4, 3.1, 3.2, 3.3]], "top_cpu_wait_io": [[0.0, 0.0, 0.0, 0.0, 0.0, 0.0]], "iotop_disk_read": [[0.0, 0.0, 0.0, 0.0, 0.0, 0.0]], "iotop_disk_write": [[0.0, 8.17, 0.0, 0.0, 19.18, 0.0]], "bmon_rx_Bps": [[0.0, 850339.06, 867966.75, 836264.31, 919480.81, 972063.0]], "bmon_tx_Bps": [[0.0, 118640864.0, 126848632.0, 121724200.0, 136266368.0, 145580352.0]]}, "broker": {"top_cpu_user": [[7.7, 10.6, 11.4, 10.6, 12.3, 13.1]], "top_cpu_kernel": [[21.3, 29.400000000000002, 32.7, 29.4, 36.0, 38.8]], "top_cpu_idle": [[71.0, 60.0, 55.9, 60.0, 51.7, 48.0]], "top_cpu_wait_io": [[0.0, 0.0, 0.0, 0.0, 0.0, 0.0]], "iotop_disk_read": [[0.0, 0.0, 0.0, 0.0, 0.0, 0.0]], "iotop_disk_write": [[0.0, 1.6, 0.0, 0.0, 16.78, 0.0]], "bmon_rx_Bps": [[0.0, 511512192.0, 548199360.0, 524920000.0, 588582848.0, 628135872.0]], "bmon_tx_Bps": [[0.0, 790753216.0, 848085056.0, 811746944.0, 910599296.0, 971588544.0]]}, "log": {"top_cpu_user": [[34.3, 33.3, 32.7, 33.3, 32.7, 32.2], [36.3, 35.9, 35.6, 36.0, 35.2, 34.8], [36.0, 35.8, 35.3, 35.8, 35.1, 35.1]], "top_cpu_kernel": [[19.7, 19.8, 20.5, 19.8, 20.9, 21.6], [21.1, 20.700000000000003, 21.5, 20.700000000000003, 21.8, 22.4], [21.3, 20.9, 21.400000000000002, 20.8, 21.9, 22.4]], "top_cpu_idle": [[46.0, 46.9, 46.8, 47.0, 46.5, 46.3], [42.7, 43.3, 42.9, 43.2, 43.0, 42.8], [42.7, 43.2, 43.3, 43.4, 43.0, 42.6]], "top_cpu_wait_io": [[0.0, 0.0, 0.0, 0.0, 0.0, 0.0], [0.0, 0.0, 0.0, 0.0, 0.0, 0.0], [0.0, 0.0, 0.0, 0.0, 0.0, 0.0]], "iotop_disk_read": [[0.0, 0.0, 0.0, 0.0, 0.0, 0.0], [0.0, 0.0, 0.0, 0.0, 0.0, 0.0], [0.0, 0.0, 0.0, 0.0, 0.0, 0.0]], "iotop_disk_write": [[0.0, 377871.11, 415127.37, 381882.49, 449287.69, 481068.18], [0.0, 379073.2, 416182.99, 380087.55, 451979.81, 485161.07], [0.0, 378391.86, 413472.19, 379890.83, 447246.91, 478199.42]], "bmon_rx_Bps": [[0.0, 260583360.0, 278860672.0, 267376512.0, 299395264.0, 320303552.0], [0.0, 260724624.0, 279184640.0, 267424000.0, 299272384.0, 321196416.0], [0.0, 260284384.0, 278817984.0, 267672752.0, 299193824.0, 321792352.0]], "bmon_tx_Bps": [[0.0, 133571488.0, 142896400.0, 136958480.0, 153385472.0, 164112640.0], [0.0, 133496656.0, 142972144.0, 136861152.0, 153167552.0, 164473920.0], [0.0, 133269640.0, 142721328.0, 137016304.0, 153138016.0, 164689024.0]]}}