{"clients": {"top_cpu_user": [[94.1, 95.0, 95.6, 96.0, 96.5, 96.9]], "top_cpu_kernel": [[2.8, 2.4, 2.4, 2.2, 2.2, 2.2]], "top_cpu_idle": [[3.0, 2.5, 2.0, 1.7, 1.3, 0.9]], "top_cpu_wait_io": [[0.0, 0.0, 0.0, 0.0, 0.0, 0.0]], "iotop_disk_read": [[0.0, 0.0, 0.0, 0.0, 0.0, 0.0]], "iotop_disk_write": [[0.0, 3.27, 0.0, 0.0, 17.57, 0.0]], "bmon_rx_Bps": [[0.0, 730458.25, 721367.94, 702286.0, 675150.25, 655563.12]], "bmon_tx_Bps": [[0.0, 49583796.0, 49513888.0, 49547864.0, 49519128.0, 49537736.0]]}, "broker": {"top_cpu_user": [[5.7, 5.4, 5.4, 5.4, 5.3, 5.2]], "top_cpu_kernel": [[14.0, 13.8, 14.9, 15.4, 15.5, 15.3]], "top_cpu_idle": [[80.4, 80.8, 79.7, 79.1, 79.2, 79.4]], "top_cpu_wait_io": [[0.0, 0.0, 0.0, 0.0, 0.0, 0.0]], "iotop_disk_read": [[0.0, 0.0, 0.0, 0.0, 0.0, 0.0]], "iotop_disk_write": [[0.0, 13.58, 0.0, 1.6, 2.8, 0.0]], "bmon_rx_Bps": [[0.0, 213334448.0, 213572160.0, 213983552.0, 213549504.0, 213893248.0]], "bmon_tx_Bps": [[0.0, 330058304.0, 330926592.0, 332081216.0, 331413088.0, 331948224.0]]}, "log": {"top_cpu_user": [[35.9, 34.6, 34.8, 34.8, 34.6, 34.8], [37.4, 37.2, 37.3, 37.2, 37.1, 37.0], [38.2, 37.3, 37.2, 37.0, 36.9, 37.0]], "top_cpu_kernel": [[16.7, 16.9, 16.9, 16.8, 17.099999999999998, 16.9], [19.4, 18.200000000000003, 18.3, 18.4, 18.5, 18.400000000000002], [18.799999999999997, 17.9, 18.3, 18.4, 18.5, 18.4]], "top_cpu_idle": [[47.4, 48.5, 48.3, 48.3, 48.2, 48.4], [43.2, 44.5, 44.4, 44.4, 44.4, 44.6], [42.9, 44.7, 44.5, 44.6, 44.7, 44.6]], "top_cpu_wait_io": [[0.0, 0.0, 0.0, 0.0, 0.0, 0.0], [0.0, 0.0, 0.0, 0.0, 0.0, 0.0], [0.0, 0.0, 0.0, 0.0, 0.0, 0.0]], "iotop_disk_read": [[0.0, 0.0, 0.0, 0.0, 0.0, 0.0], [0.0, 0.0, 0.0, 0.0, 0.0, 0.0], [0.0, 0.0, 0.0, 0.0, 0.0, 0.0]], "iotop_disk_write": [[0.0, 164735.23, 167294.56, 168757.9, 169520.97, 167679.03], [0.0, 167242.78, 166704.14, 168298.41, 167366.85, 168606.14], [0.0, 162137.21, 166247.92, 168965.0, 167558.96, 167986.66]], "bmon_rx_Bps": [[0.0, 108490184.0, 108585712.0, 108717472.0, 108854488.0, 108884680.0], [0.0, 108601792.0, 108606360.0, 108786216.0, 108880616.0, 108891488.0], [0.0, 108389400.0, 108601264.0, 108905152.0, 108711248.0, 108518896.0]], "bmon_tx_Bps": [[0.0, 55736232.0, 55796312.0, 55881880.0, 55977808.0, 55959284.0], [0.0, 55734308.0, 55728696.0, 55822608.0, 55865276.0, 55905064.0], [0.0, 55585168.0, 55739648.0, 55918844.0, 55814480.0, 55731152.0]]}}