{"clients": {"top_cpu_user": [[91.2, 91.8, 91.5, 92.0, 91.8, 91.5]], "top_cpu_kernel": [[5.0, 4.8, 5.0, 4.8, 5.0, 5.3]], "top_cpu_idle": [[3.8, 3.5, 3.6, 3.2, 3.1, 3.2]], "top_cpu_wait_io": [[0.0, 0.0, 0.0, 0.0, 0.0, 0.0]], "iotop_disk_read": [[0.0, 0.0, 0.0, 0.0, 0.0, 0.0]], "iotop_disk_write": [[0.0, 2.04, 0.0, 0.0, 17.16, 0.0]], "bmon_rx_Bps": [[0.0, 876465.94, 913842.81, 905997.38, 927342.5, 978785.12]], "bmon_tx_Bps": [[0.0, 116146136.0, 123103320.0, 125338264.0, 129626616.0, 138056400.0]]}, "broker": {"top_cpu_user": [[9.9, 10.2, 11.0, 11.0, 11.5, 12.4]], "top_cpu_kernel": [[27.700000000000003, 28.6, 31.5, 31.1, 33.6, 36.5]], "top_cpu_idle": [[62.5, 61.2, 57.5, 58.0, 54.9, 51.1]], "top_cpu_wait_io": [[0.0, 0.0, 0.0, 0.0, 0.0, 0.0]], "iotop_disk_read": [[0.0, 0.0, 0.0, 0.0, 0.0, 0.0]], "iotop_disk_write": [[0.0, 0.8, 0.0, 0.0, 20.76, 0.0]], "bmon_rx_Bps": [[0.0, 500730752.0, 531318336.0, 540964224.0, 560215680.0, 596829312.0]], "bmon_tx_Bps": [[0.0, 773789760.0, 821760256.0, 836560256.0, 866403328.0, 923414144.0]]}, "log": {"top_cpu_user": [[35.3, 33.3, 33.0, 33.3, 33.1, 32.6], [37.9, 36.0, 35.6, 35.6, 35.4, 34.8], [37.3, 35.7, 35.4, 35.4, 35.5, 35.0]], "top_cpu_kernel": [[20.1, 19.6, 20.2, 20.0, 20.700000000000003, 21.4], [21.1, 20.5, 20.9, 21.3, 21.599999999999998, 22.0], [20.6, 20.900000000000002, 21.200000000000003, 21.5, 21.6, 22.1]], "top_cpu_idle": [[44.4, 47.1, 46.7, 46.8, 46.1, 45.9], [40.9, 43.5, 43.5, 43.2, 43.0, 43.1], [42.1, 43.4, 43.4, 43.1, 43.0, 42.9]], "top_cpu_wait_io": [[0.3, 0.0, 0.0, 0.0, 0.0, 0.0], [0.0, 0.0, 0.0, 0.0, 0.0, 0.0], [0.0, 0.0, 0.0, 0.0, 0.0, 0.0]], "iotop_disk_read": [[0.0, 0.0, 0.0, 0.0, 0.0, 0.0], [0.0, 0.0, 0.0, 0.0, 0.0, 0.0], [0.0, 0.0, 0.0, 0.0, 0.0, 0.0]], "iotop_disk_write": [[0.0, 369344.73, 399595.36, 401139.97, 426068.48, 460557.38], [0.0, 370390.53, 398094.58, 397325.89, 426760.93, 455799.27], [0.0, 365734.07, 391275.6, 396413.12, 421341.78, 450137.21]], "bmon_rx_Bps": [[0.0, 255924560.0, 270016192.0, 274724160.0, 285089984.0, 304011200.0], [0.0, 256102288.0, 269333824.0, 274531360.0, 285669472.0, 303872576.0], [0.0, 255892640.0, 268911584.0, 274306304.0, 286255008.0, 303820416.0]], "bmon_tx_Bps": [[0.0, 131074568.0, 138363472.0, 140759312.0, 146109792.0, 155896096.0], [0.0, 131207816.0, 137987072.0, 140602544.0, 146389712.0, 155726832.0], [0.0, 130985184.0, 137555328.0, 140444960.0, 146601792.0, 155525600.0]]}}