{"MessagesPerSecondMeasurements":[1129726.0111445014,1212391.4293969017,1118282.7558159924,1338646.012279396,1437814.9442997556,1489807.6880405364],"BytesPerSecondMeasurements":[112972601.11445014,121239142.93969017,111828275.58159919,133864601.2279396,143781494.42997557,148980768.80405363],"NumLatencyMeasurements":30241,"Latency50Pct":0.020601955,"Latency75Pct":0.038707444,"Latency90Pct":0.184277809,"Latency99Pct":0.436967113,"Latency999Pct":0.682383752,"Latency9999Pct":1.042005185,"Sync":false,"Partitions":64,"Connections":32,"MessageSize":100,"MaxBatchSize":32768,"MessagesPerSecondConfigured":1840000}