{"MessagesPerSecondMeasurements":[463460.9126932557,460709.06530844845,459979.54689046205,459812.1289846878,459503.228113086,459926.5784733103],"BytesPerSecondMeasurements":[46346091.269325554,46070906.530844845,45997954.68904618,45981212.89846875,45950322.81130861,45992657.84733103],"NumLatencyMeasurements":63521,"Latency50Pct":0.020703037,"Latency75Pct":0.023147177,"Latency90Pct":0.041595276,"Latency99Pct":0.085614054,"Latency999Pct":0.142514488,"Latency9999Pct":0.197375845,"Sync":false,"Partitions":64,"Connections":32,"MessageSize":100,"MaxBatchSize":32768,"MessagesPerSecondConfigured":460000}