{"clients": {"top_cpu_user": [[94.6, 91.6, 91.9, 91.8, 91.2, 91.2]], "top_cpu_kernel": [[3.4, 4.7, 4.6, 5.0, 5.3999999999999995, 5.5]], "top_cpu_idle": [[2.0, 3.7, 3.4, 3.2, 3.3, 3.3]], "top_cpu_wait_io": [[0.0, 0.0, 0.0, 0.0, 0.0, 0.0]], "iotop_disk_read": [[0.0, 0.0, 0.0, 0.0, 0.0, 0.0]], "iotop_disk_write": [[0.0, 6.95, 13.89, 0.0, 6.11, 0.0]], "bmon_rx_Bps": [[0.0, 857882.44, 855663.06, 897603.12, 959818.5, 995798.31]], "bmon_tx_Bps": [[0.0, 115810288.0, 119736656.0, 128679776.0, 139334096.0, 146044464.0]]}, "broker": {"top_cpu_user": [[6.5, 10.2, 10.7, 11.5, 12.3, 12.9]], "top_cpu_kernel": [[22.9, 28.9, 30.299999999999997, 33.0, 36.5, 38.8]], "top_cpu_idle": [[70.6, 60.9, 59.0, 55.5, 51.2, 48.3]], "top_cpu_wait_io": [[0.0, 0.0, 0.0, 0.0, 0.0, 0.0]], "iotop_disk_read": [[0.0, 0.0, 0.0, 0.0, 0.0, 0.0]], "iotop_disk_write": [[0.0, 0.4, 13.19, 0.0, 2.8, 0.0]], "bmon_rx_Bps": [[0.0, 499565408.0, 517438016.0, 556035328.0, 602231552.0, 631708928.0]], "bmon_tx_Bps": [[0.0, 772112704.0, 800072320.0, 859841536.0, 931580672.0, 977426688.0]]}, "log": {"top_cpu_user": [[35.6, 33.1, 33.2, 32.6, 32.4, 32.2], [36.7, 36.0, 35.9, 35.5, 35.4, 35.3], [37.4, 35.6, 35.7, 35.4, 35.3, 34.8]], "top_cpu_kernel": [[18.4, 19.200000000000003, 19.6, 20.1, 20.6, 21.2], [21.200000000000003, 21.1, 21.1, 21.6, 22.2, 22.700000000000003], [19.9, 21.2, 21.299999999999997, 21.9, 22.200000000000003, 22.5]], "top_cpu_idle": [[46.1, 47.6, 47.3, 47.4, 47.0, 46.7], [42.2, 42.9, 43.0, 42.8, 42.5, 42.1], [42.7, 43.1, 43.0, 42.7, 42.6, 42.8]], "top_cpu_wait_io": [[0.0, 0.0, 0.0, 0.0, 0.0, 0.0], [0.0, 0.0, 0.0, 0.0, 0.0, 0.0], [0.0, 0.0, 0.0, 0.0, 0.0, 0.0]], "iotop_disk_read": [[0.0, 0.0, 0.0, 0.0, 0.0, 0.0], [0.0, 0.0, 0.0, 0.0, 0.0, 0.0], [0.0, 0.0, 0.0, 0.0, 0.0, 0.0]], "iotop_disk_write": [[0.0, 367601.4, 386700.81, 421595.49, 454751.59, 477678.05], [0.0, 374531.7, 392201.9, 424206.74, 457784.08, 483309.62], [0.0, 376050.78, 390255.55, 425654.31, 457658.24, 481476.92]], "bmon_rx_Bps": [[0.0, 254862992.0, 262792448.0, 283524352.0, 306573984.0, 320681728.0], [0.0, 254857008.0, 262925072.0, 283731392.0, 306607552.0, 321042976.0], [0.0, 254467536.0, 262947184.0, 283273600.0, 306565152.0, 321155904.0]], "bmon_tx_Bps": [[0.0, 130543896.0, 134667504.0, 145277952.0, 157093184.0, 164385472.0], [0.0, 130682968.0, 134824576.0, 145448992.0, 157186480.0, 164672112.0], [0.0, 130427144.0, 134704240.0, 145159376.0, 157035120.0, 164495216.0]]}}