{"MessagesPerSecondMeasurements":[453995.78510518745,467257.3902826356,452059.5421486643,466885.20751060353,453980.2373888086,467569.57824200264],"BytesPerSecondMeasurements":[45399578.51051877,46725739.02826356,45205954.21486643,46688520.751060344,45398023.73888084,46756957.82420026],"NumLatencyMeasurements":5277,"Latency50Pct":0.113992845,"Latency75Pct":0.14675922,"Latency90Pct":0.170013699,"Latency99Pct":0.198332131,"Latency999Pct":0.210412425,"Latency9999Pct":0.219665892,"Sync":false,"Partitions":4,"Connections":32,"MessageSize":100,"MaxBatchSize":524288,"MessagesPerSecondConfigured":460000}