{"clients": {"top_cpu_user": [[94.7, 95.1, 95.1, 95.2, 95.1, 95.0]], "top_cpu_kernel": [[3.3000000000000003, 3.0, 3.0, 3.0, 3.0, 3.0]], "top_cpu_idle": [[2.0, 1.9, 2.0, 1.8, 1.9, 2.0]], "top_cpu_wait_io": [[0.0, 0.0, 0.0, 0.0, 0.0, 0.0]], "iotop_disk_read": [[0.0, 0.0, 0.0, 0.0, 0.0, 0.0]], "iotop_disk_write": [[0.0, 2.86, 4.09, 16.75, 1.23, 0.0]], "bmon_rx_Bps": [[0.0, 36022.69, 35691.5, 35957.67, 35842.66, 35933.89]], "bmon_tx_Bps": [[0.0, 102624376.0, 102716248.0, 103253352.0, 103564064.0, 103483752.0]]}, "broker": {"top_cpu_user": [[6.5, 7.4, 7.4, 7.3, 7.4, 7.3]], "top_cpu_kernel": [[22.599999999999998, 19.8, 19.700000000000003, 19.8, 19.9, 20.0]], "top_cpu_idle": [[71.0, 72.9, 72.9, 72.8, 72.8, 72.8]], "top_cpu_wait_io": [[0.0, 0.0, 0.0, 0.0, 0.0, 0.0]], "iotop_disk_read": [[0.0, 0.0, 0.0, 0.0, 0.0, 0.0]], "iotop_disk_write": [[0.0, 14.78, 0.0, 0.0, 2.8, 0.0]], "bmon_rx_Bps": [[0.0, 448368512.0, 448905408.0, 450917504.0, 452492448.0, 452127360.0]], "bmon_tx_Bps": [[0.0, 695934784.0, 696844800.0, 699918592.0, 702275200.0, 701646016.0]]}, "log": {"top_cpu_user": [[36.1, 35.0, 35.1, 35.1, 35.0, 34.9], [38.3, 38.0, 38.0, 38.2, 38.1, 38.3], [38.4, 38.2, 38.3, 38.1, 38.4, 38.2]], "top_cpu_kernel": [[18.0, 17.5, 17.6, 17.6, 17.8, 17.7], [19.900000000000002, 18.9, 19.0, 18.9, 18.9, 18.8], [19.8, 18.8, 18.8, 19.0, 18.7, 19.0]], "top_cpu_idle": [[46.0, 47.4, 47.3, 47.3, 47.3, 47.5], [41.9, 43.1, 42.9, 42.9, 43.0, 43.0], [41.8, 42.9, 42.8, 42.9, 43.0, 42.8]], "top_cpu_wait_io": [[0.0, 0.0, 0.0, 0.0, 0.0, 0.0], [0.0, 0.0, 0.0, 0.0, 0.0, 0.0], [0.0, 0.0, 0.0, 0.0, 0.0, 0.0]], "iotop_disk_read": [[0.0, 0.0, 0.0, 0.0, 0.0, 0.0], [0.0, 0.0, 0.0, 0.0, 0.0, 0.0], [0.0, 0.0, 0.0, 0.0, 0.0, 0.0]], "iotop_disk_write": [[0.0, 281222.31, 282573.74, 283890.88, 288452.61, 284683.64], [0.0, 293127.28, 291476.47, 293169.98, 295804.97, 294041.61], [0.0, 290455.07, 288841.51, 293371.15, 289045.87, 289843.69]], "bmon_rx_Bps": [[0.0, 229478208.0, 229745424.0, 230725728.0, 231520768.0, 231284896.0], [0.0, 230173696.0, 230373104.0, 231300096.0, 232143392.0, 231809728.0], [0.0, 229887440.0, 230197264.0, 231126720.0, 231808992.0, 231523264.0]], "bmon_tx_Bps": [[0.0, 116420624.0, 116555376.0, 117123664.0, 117656144.0, 117499824.0], [0.0, 116689904.0, 116768208.0, 117193952.0, 117687616.0, 117528352.0], [0.0, 116571936.0, 116742320.0, 117251248.0, 117486720.0, 117331856.0]]}}