{"clients": {"top_cpu_user": [[92.2, 95.2, 95.2, 95.2, 95.1, 95.0]], "top_cpu_kernel": [[4.2, 3.0, 2.9, 2.9, 3.0, 3.0]], "top_cpu_idle": [[3.6, 1.9, 1.9, 1.8, 1.9, 2.0]], "top_cpu_wait_io": [[0.0, 0.0, 0.0, 0.0, 0.0, 0.0]], "iotop_disk_read": [[0.0, 0.0, 0.0, 0.0, 0.0, 0.0]], "iotop_disk_write": [[0.0, 2.86, 4.9, 0.0, 21.65, 0.0]], "bmon_rx_Bps": [[0.0, 36665.38, 36149.02, 36151.17, 36321.15, 36300.11]], "bmon_tx_Bps": [[0.0, 100595736.0, 101006632.0, 100897760.0, 101226360.0, 101538192.0]]}, "broker": {"top_cpu_user": [[7.6, 7.2, 7.1, 7.2, 7.2, 7.4]], "top_cpu_kernel": [[22.1, 19.8, 19.799999999999997, 19.7, 19.8, 19.7]], "top_cpu_idle": [[70.3, 73.0, 73.1, 73.1, 73.0, 72.9]], "top_cpu_wait_io": [[0.0, 0.0, 0.0, 0.0, 0.0, 0.0]], "iotop_disk_read": [[0.0, 0.0, 0.0, 0.0, 0.0, 0.0]], "iotop_disk_write": [[0.0, 0.4, 0.0, 0.0, 17.18, 0.0]], "bmon_rx_Bps": [[0.0, 438511648.0, 440436800.0, 440082304.0, 441440672.0, 442895104.0]], "bmon_tx_Bps": [[0.0, 681370432.0, 684479616.0, 683843072.0, 685851136.0, 688348992.0]]}, "log": {"top_cpu_user": [[35.7, 35.0, 35.0, 35.1, 35.1, 34.9], [38.4, 37.9, 38.1, 37.8, 37.7, 37.6], [38.8, 38.1, 38.1, 38.2, 38.2, 38.2]], "top_cpu_kernel": [[17.6, 17.400000000000002, 17.3, 17.599999999999998, 17.6, 17.7], [19.2, 18.4, 18.1, 18.0, 18.1, 18.2], [19.5, 18.599999999999998, 18.6, 18.6, 18.4, 18.5]], "top_cpu_idle": [[46.8, 47.6, 47.7, 47.3, 47.3, 47.3], [42.3, 43.7, 43.7, 44.2, 44.3, 44.2], [41.6, 43.3, 43.3, 43.3, 43.3, 43.3]], "top_cpu_wait_io": [[0.0, 0.0, 0.0, 0.0, 0.0, 0.0], [0.0, 0.0, 0.0, 0.0, 0.0, 0.0], [0.0, 0.0, 0.0, 0.0, 0.0, 0.0]], "iotop_disk_read": [[0.0, 0.0, 0.0, 0.0, 0.0, 0.0], [0.0, 0.0, 0.0, 0.0, 0.0, 0.0], [0.0, 0.0, 0.0, 0.0, 0.0, 0.0]], "iotop_disk_write": [[0.0, 280858.65, 285583.27, 287340.1, 286630.15, 286919.31], [0.0, 269525.13, 269367.51, 271335.29, 272212.26, 276668.67], [0.0, 267658.99, 269528.24, 267919.83, 267758.69, 271382.37]], "bmon_rx_Bps": [[0.0, 225190112.0, 226341920.0, 226117568.0, 226743504.0, 227476688.0], [0.0, 224773712.0, 225839360.0, 225690240.0, 226197472.0, 227194144.0], [0.0, 224907584.0, 225984384.0, 225819968.0, 226312128.0, 227308976.0]], "bmon_tx_Bps": [[0.0, 114207424.0, 114872696.0, 114818240.0, 115131240.0, 115456128.0], [0.0, 113666944.0, 114155888.0, 114131104.0, 114424600.0, 114958512.0], [0.0, 113502744.0, 114062808.0, 113961384.0, 114128856.0, 114656616.0]]}}