{"MessagesPerSecondMeasurements":[991174.4779534389,990046.3689835274,1000068.1344159873,997138.9517028588,995453.280407179,981203.5462184092],"BytesPerSecondMeasurements":[99117447.79534388,99004636.89835271,100006813.44159873,99713895.1702859,99545328.0407179,98120354.62184091],"NumLatencyMeasurements":698,"Latency50Pct":2.560843785,"Latency75Pct":2.636070977,"Latency90Pct":2.741640448,"Latency99Pct":2.909335774,"Latency999Pct":3.161396363,"Latency9999Pct":3.161396363,"Sync":false,"Partitions":4,"Connections":32,"MessageSize":100,"MaxBatchSize":524288,"MessagesPerSecondConfigured":2300000}