{"MessagesPerSecondMeasurements":[968597.2719015195,974759.5817383244,973769.3708918672,976046.2811405235,982343.7988758427,975396.0656297357],"BytesPerSecondMeasurements":[96859727.19015193,97475958.17383242,97376937.08918671,97604628.11405233,98234379.88758425,97539606.56297357],"NumLatencyMeasurements":651,"Latency50Pct":2.793711102,"Latency75Pct":2.901819084,"Latency90Pct":2.9824441,"Latency99Pct":3.04808804,"Latency999Pct":3.117048592,"Latency9999Pct":3.117048592,"Sync":false,"Partitions":4,"Connections":32,"MessageSize":100,"MaxBatchSize":524288,"MessagesPerSecondConfigured":1380000}