{"clients": {"top_cpu_user": [[92.9, 96.8, 96.8, 96.6, 96.7, 96.8]], "top_cpu_kernel": [[6.1, 2.2, 2.2, 2.3, 2.3, 2.2]], "top_cpu_idle": [[1.0, 1.0, 1.0, 1.1, 1.0, 0.9]], "top_cpu_wait_io": [[0.0, 0.0, 0.0, 0.0, 0.0, 0.0]], "iotop_disk_read": [[0.0, 0.0, 0.0, 0.0, 0.0, 0.0]], "iotop_disk_write": [[0.0, 7.75, 0.0, 1.22, 20.84, 0.0]], "bmon_rx_Bps": [[0.0, 851624.75, 804961.56, 856395.88, 840139.25, 869764.0]], "bmon_tx_Bps": [[0.0, 49640372.0, 49049000.0, 50284904.0, 49268728.0, 50356936.0]]}, "broker": {"top_cpu_user": [[8.4, 3.6, 3.6, 3.5, 3.6, 3.5]], "top_cpu_kernel": [[23.9, 9.5, 9.8, 9.6, 9.8, 9.700000000000001]], "top_cpu_idle": [[67.7, 86.9, 86.6, 86.9, 86.6, 86.8]], "top_cpu_wait_io": [[0.0, 0.0, 0.0, 0.0, 0.0, 0.0]], "iotop_disk_read": [[0.0, 0.0, 0.0, 0.0, 0.0, 0.0]], "iotop_disk_write": [[0.0, 0.8, 0.0, 0.4, 23.58, 0.0]], "bmon_rx_Bps": [[0.0, 213567584.0, 208960016.0, 211961168.0, 210155184.0, 211190800.0]], "bmon_tx_Bps": [[0.0, 331266784.0, 322647904.0, 326248608.0, 324521856.0, 324727648.0]]}, "log": {"top_cpu_user": [[35.6, 35.9, 35.9, 35.8, 35.7, 35.8], [37.9, 38.3, 38.1, 38.2, 37.9, 38.0], [38.1, 38.4, 38.3, 38.2, 38.2, 38.5]], "top_cpu_kernel": [[18.0, 15.5, 15.4, 15.4, 15.6, 15.5], [19.2, 17.0, 17.3, 17.0, 17.1, 17.0], [19.0, 17.3, 17.5, 17.599999999999998, 17.5, 17.3]], "top_cpu_idle": [[46.4, 48.6, 48.8, 48.8, 48.8, 48.7], [42.9, 44.7, 44.6, 44.8, 45.0, 45.0], [42.8, 44.2, 44.2, 44.2, 44.2, 44.2]], "top_cpu_wait_io": [[0.0, 0.0, 0.0, 0.0, 0.0, 0.0], [0.0, 0.0, 0.0, 0.0, 0.0, 0.0], [0.0, 0.0, 0.0, 0.0, 0.0, 0.0]], "iotop_disk_read": [[0.0, 0.0, 0.0, 0.0, 0.0, 0.0], [0.0, 0.0, 0.0, 0.0, 0.0, 0.0], [0.0, 0.0, 0.0, 0.0, 0.0, 0.0]], "iotop_disk_write": [[0.0, 132616.02, 131840.54, 136972.92, 135115.7, 133566.78], [0.0, 131592.94, 137474.89, 130604.22, 134727.46, 132200.09], [0.0, 152133.41, 154689.07, 151764.05, 154242.08, 150410.02]], "bmon_rx_Bps": [[0.0, 107858160.0, 105812896.0, 107806024.0, 106028896.0, 107251920.0], [0.0, 107313416.0, 106329248.0, 107894624.0, 105902960.0, 107932032.0], [0.0, 106818096.0, 106849808.0, 107568944.0, 105898256.0, 108415616.0]], "bmon_tx_Bps": [[0.0, 54757228.0, 53758908.0, 54864360.0, 53966992.0, 54551864.0], [0.0, 54422144.0, 54020348.0, 54730288.0, 53755464.0, 54709352.0], [0.0, 54769272.0, 54763248.0, 55123996.0, 54256220.0, 55532480.0]]}}