{"MessagesPerSecondMeasurements":[921084.010538884,921647.1212847674,921434.1824768123,920050.3972847777,919795.3142782275,920829.8778182778],"BytesPerSecondMeasurements":[92108401.05388841,92164712.12847671,92143418.24768125,92005039.72847778,91979531.42782274,92082987.78182778],"NumLatencyMeasurements":9665,"Latency50Pct":0.108441019,"Latency75Pct":0.138366335,"Latency90Pct":0.163017193,"Latency99Pct":0.217878655,"Latency999Pct":0.307494938,"Latency9999Pct":0.352960648,"Sync":false,"Partitions":4,"Connections":32,"MessageSize":100,"MaxBatchSize":524288,"MessagesPerSecondConfigured":920000}