{"clients": {"top_cpu_user": [[92.6, 94.3, 94.3, 94.4, 94.4, 94.5]], "top_cpu_kernel": [[5.6000000000000005, 4.0, 4.1, 3.9000000000000004, 4.0, 4.1]], "top_cpu_idle": [[1.8, 1.7, 1.6, 1.6, 1.6, 1.4]], "top_cpu_wait_io": [[0.0, 0.0, 0.0, 0.0, 0.0, 0.0]], "iotop_disk_read": [[0.0, 0.0, 0.0, 0.0, 0.0, 0.0]], "iotop_disk_write": [[0.0, 2.04, 0.0, 0.0, 16.33, 0.0]], "bmon_rx_Bps": [[0.0, 1439322.38, 1493969.25, 1449752.25, 1451909.25, 1519758.5]], "bmon_tx_Bps": [[0.0, 97931184.0, 99432336.0, 99169264.0, 99115552.0, 98924408.0]]}, "broker": {"top_cpu_user": [[7.2, 7.1, 7.2, 7.2, 7.1, 7.2]], "top_cpu_kernel": [[26.299999999999997, 19.900000000000002, 20.2, 20.1, 20.2, 20.200000000000003]], "top_cpu_idle": [[66.4, 73.0, 72.6, 72.7, 72.7, 72.5]], "top_cpu_wait_io": [[0.0, 0.0, 0.0, 0.0, 0.0, 0.0]], "iotop_disk_read": [[0.0, 0.0, 0.0, 0.0, 0.0, 0.0]], "iotop_disk_write": [[0.0, 0.8, 0.0, 0.0, 23.18, 0.0]], "bmon_rx_Bps": [[0.0, 418183232.0, 423088320.0, 421472416.0, 421745984.0, 421276800.0]], "bmon_tx_Bps": [[0.0, 647996288.0, 654004928.0, 651217024.0, 651459136.0, 651281792.0]]}, "log": {"top_cpu_user": [[34.0, 34.8, 34.9, 34.9, 34.9, 35.0], [38.7, 37.2, 37.3, 37.3, 37.2, 37.2], [38.0, 38.0, 38.1, 38.1, 38.0, 38.1]], "top_cpu_kernel": [[20.2, 18.3, 18.2, 18.2, 18.0, 18.2], [19.4, 19.0, 19.0, 19.099999999999998, 19.2, 19.099999999999998], [20.700000000000003, 18.6, 18.8, 18.7, 19.0, 19.0]], "top_cpu_idle": [[45.6, 46.9, 46.9, 46.9, 47.1, 46.9], [42.0, 43.7, 43.7, 43.5, 43.6, 43.7], [41.0, 43.3, 43.0, 43.2, 43.0, 42.9]], "top_cpu_wait_io": [[0.3, 0.0, 0.0, 0.0, 0.0, 0.0], [0.0, 0.0, 0.0, 0.0, 0.0, 0.0], [0.3, 0.0, 0.0, 0.0, 0.0, 0.0]], "iotop_disk_read": [[0.0, 0.0, 0.0, 0.0, 0.0, 0.0], [0.0, 0.0, 0.0, 0.0, 0.0, 0.0], [0.0, 0.0, 0.0, 0.0, 0.0, 0.0]], "iotop_disk_write": [[0.0, 282143.73, 289543.86, 285218.49, 285591.11, 284504.85], [0.0, 274161.22, 275947.48, 275306.33, 281856.59, 279920.43], [0.0, 274390.73, 279576.82, 270025.07, 277856.3, 278440.96]], "bmon_rx_Bps": [[0.0, 213082864.0, 215193120.0, 214530496.0, 214469008.0, 214356784.0], [0.0, 212827728.0, 214788144.0, 214344880.0, 214394976.0, 214113440.0], [0.0, 213045472.0, 214804960.0, 214188704.0, 214583200.0, 214519968.0]], "bmon_tx_Bps": [[0.0, 108378872.0, 109550440.0, 109142184.0, 109120752.0, 109044272.0], [0.0, 108620328.0, 109619352.0, 109406168.0, 109519560.0, 109307648.0], [0.0, 108141336.0, 109079016.0, 108682872.0, 108970608.0, 108995728.0]]}}