{"MessagesPerSecondMeasurements":[1028405.2491600659,1024417.1319885857,1025880.9256673479,1024655.5229114109,1028722.7122581585,1027080.3249298512],"BytesPerSecondMeasurements":[102840524.91600657,102441713.19885859,102588092.5667348,102465552.29114106,102872271.22581585,102708032.49298516],"NumLatencyMeasurements":703,"Latency50Pct":2.533119477,"Latency75Pct":2.644263763,"Latency90Pct":2.789694283,"Latency99Pct":2.968669644,"Latency999Pct":3.051440669,"Latency9999Pct":3.051440669,"Sync":false,"Partitions":4,"Connections":32,"MessageSize":100,"MaxBatchSize":524288,"MessagesPerSecondConfigured":1840000}