{"MessagesPerSecondMeasurements":[242468.71929227575,242578.01258316412,242561.7539470688,242363.88500982657,240194.95562630298,243415.72461424302],"BytesPerSecondMeasurements":[921381133.310648,921796447.8160236,921734664.9988612,920982763.0373411,912740831.3799514,924979753.5341237],"NumLatencyMeasurements":57883,"Latency50Pct":0.021299187,"Latency75Pct":0.021965782,"Latency90Pct":0.041077656,"Latency99Pct":0.378922727,"Latency999Pct":0.554598358,"Latency9999Pct":0.826617042,"Sync":false,"Partitions":64,"Connections":32,"MessageSize":3800,"MaxBatchSize":32768,"MessagesPerSecondConfigured":242105}