{"clients": {"top_cpu_user": [[93.0, 95.9, 95.9, 95.9, 95.9, 96.0]], "top_cpu_kernel": [[4.9, 3.5, 3.5, 3.6, 3.7, 3.6]], "top_cpu_idle": [[2.1, 0.6, 0.5, 0.5, 0.4, 0.4]], "top_cpu_wait_io": [[0.0, 0.0, 0.0, 0.0, 0.0, 0.0]], "iotop_disk_read": [[0.0, 0.0, 0.0, 0.0, 0.0, 0.0]], "iotop_disk_write": [[0.0, 5.72, 1.63, 0.0, 18.78, 0.0]], "bmon_rx_Bps": [[0.0, 3333936.5, 3350099.5, 3343725.5, 3312451.5, 3335043.0]], "bmon_tx_Bps": [[0.0, 927048768.0, 931754944.0, 935983744.0, 925918976.0, 934847488.0]]}, "broker": {"top_cpu_user": [[27.3, 25.6, 26.2, 26.3, 26.3, 26.5]], "top_cpu_kernel": [[31.3, 30.400000000000002, 30.5, 31.299999999999997, 30.9, 31.400000000000002]], "top_cpu_idle": [[41.3, 44.0, 43.3, 42.4, 42.8, 42.0]], "top_cpu_wait_io": [[0.0, 0.0, 0.0, 0.0, 0.0, 0.0]], "iotop_disk_read": [[0.0, 0.0, 0.0, 0.0, 0.0, 0.0]], "iotop_disk_write": [[0.0, 0.0, 0.0, 0.0, 17.18, 0.0]], "bmon_rx_Bps": [[0.0, 1026062336.0, 1032195392.0, 1035343616.0, 1026346048.0, 1035795136.0]], "bmon_tx_Bps": [[0.0, 2868377600.0, 2896150784.0, 2902700032.0, 2873379840.0, 2897182464.0]]}, "log": {"top_cpu_user": [[36.1, 35.0, 35.0, 34.7, 34.7, 34.7], [35.7, 34.8, 34.7, 34.7, 34.7, 34.7], [33.0, 32.3, 32.1, 32.2, 32.3, 32.1]], "top_cpu_kernel": [[22.6, 22.2, 22.7, 22.4, 22.4, 22.799999999999997], [22.3, 22.200000000000003, 22.200000000000003, 22.200000000000003, 22.1, 22.3], [21.4, 20.5, 20.4, 20.7, 20.3, 21.1]], "top_cpu_idle": [[41.3, 42.7, 42.3, 42.9, 42.8, 42.5], [42.1, 43.0, 43.1, 43.1, 43.2, 43.0], [45.6, 47.2, 47.5, 47.2, 47.4, 46.8]], "top_cpu_wait_io": [[0.0, 0.0, 0.0, 0.0, 0.0, 0.0], [0.0, 0.0, 0.0, 0.0, 0.0, 0.0], [0.0, 0.0, 0.0, 0.0, 0.0, 0.0]], "iotop_disk_read": [[0.0, 0.0, 0.0, 0.0, 0.0, 0.0], [0.0, 0.0, 0.0, 0.0, 0.0, 0.0], [0.0, 0.0, 0.0, 0.0, 0.0, 0.0]], "iotop_disk_write": [[0.0, 988401.68, 995432.16, 1001533.86, 985097.19, 998656.77], [0.0, 988470.43, 993251.81, 1002636.33, 984543.01, 998626.61], [0.0, 988173.48, 992349.46, 1003055.9, 984956.83, 998811.19]], "bmon_rx_Bps": [[0.0, 952862656.0, 961266496.0, 963917120.0, 953451200.0, 963176704.0], [0.0, 953573760.0, 960958336.0, 963379840.0, 953558400.0, 963588992.0], [0.0, 953914560.0, 960668864.0, 963610688.0, 953315328.0, 962823296.0]], "bmon_tx_Bps": [[0.0, 35500696.0, 35884744.0, 36009472.0, 35697684.0, 36089272.0], [0.0, 35061420.0, 35416676.0, 35557716.0, 35205544.0, 35691040.0], [0.0, 35432104.0, 35775024.0, 35932648.0, 35589424.0, 36028744.0]]}}