{"clients": {"top_cpu_user": [[95.5, 96.7, 96.8, 96.8, 96.8, 96.9]], "top_cpu_kernel": [[3.4, 2.8, 2.8, 2.9, 2.9, 2.9]], "top_cpu_idle": [[1.0, 0.5, 0.4, 0.4, 0.3, 0.3]], "top_cpu_wait_io": [[0.0, 0.0, 0.0, 0.0, 0.0, 0.0]], "iotop_disk_read": [[0.0, 0.0, 0.0, 0.0, 0.0, 0.0]], "iotop_disk_write": [[0.0, 4.9, 1.63, 21.18, 0.41, 0.0]], "bmon_rx_Bps": [[0.0, 2612012.75, 2589019.75, 2588305.75, 2572695.5, 2568002.5]], "bmon_tx_Bps": [[0.0, 699310208.0, 697759360.0, 699700672.0, 698712192.0, 698471232.0]]}, "broker": {"top_cpu_user": [[19.5, 18.4, 19.5, 19.8, 20.0, 20.2]], "top_cpu_kernel": [[22.1, 22.3, 22.8, 23.4, 23.5, 23.4]], "top_cpu_idle": [[58.4, 59.3, 57.7, 56.8, 56.6, 56.4]], "top_cpu_wait_io": [[0.0, 0.0, 0.0, 0.0, 0.0, 0.0]], "iotop_disk_read": [[0.0, 0.0, 0.0, 0.0, 0.0, 0.0]], "iotop_disk_write": [[0.0, 0.4, 0.0, 23.17, 4.4, 0.0]], "bmon_rx_Bps": [[0.0, 773531200.0, 771885568.0, 774543808.0, 773758080.0, 773572480.0]], "bmon_tx_Bps": [[0.0, 2169251328.0, 2164402688.0, 2170575360.0, 2167440896.0, 2166724096.0]]}, "log": {"top_cpu_user": [[36.9, 35.6, 35.6, 35.3, 35.3, 35.4], [36.7, 35.9, 35.9, 35.9, 35.8, 35.7], [33.6, 33.2, 33.1, 33.1, 33.1, 33.1]], "top_cpu_kernel": [[21.5, 20.8, 20.7, 21.0, 20.799999999999997, 20.700000000000003], [20.900000000000002, 20.4, 20.1, 20.3, 20.599999999999998, 20.7], [20.2, 19.3, 19.3, 19.4, 19.4, 19.7]], "top_cpu_idle": [[41.6, 43.6, 43.7, 43.7, 43.9, 43.9], [42.5, 43.8, 44.0, 43.8, 43.6, 43.6], [46.1, 47.5, 47.6, 47.5, 47.5, 47.1]], "top_cpu_wait_io": [[0.0, 0.0, 0.0, 0.0, 0.0, 0.0], [0.0, 0.0, 0.0, 0.0, 0.0, 0.0], [0.0, 0.0, 0.0, 0.0, 0.0, 0.0]], "iotop_disk_read": [[0.0, 0.0, 0.0, 0.0, 0.0, 0.0], [0.0, 0.0, 0.0, 0.0, 0.0, 0.0], [0.0, 0.0, 0.0, 0.0, 0.0, 0.0]], "iotop_disk_write": [[0.0, 749046.4, 739501.82, 746861.71, 746645.73, 744309.53], [0.0, 749300.82, 739024.46, 747158.61, 747188.27, 744019.79], [0.0, 747959.91, 738914.81, 747851.09, 746667.43, 744628.62]], "bmon_rx_Bps": [[0.0, 721253888.0, 717951744.0, 720587072.0, 719929600.0, 719341888.0], [0.0, 721674688.0, 717336320.0, 720471744.0, 719774592.0, 719645440.0], [0.0, 723621568.0, 717277056.0, 720047104.0, 720261248.0, 719416448.0]], "bmon_tx_Bps": [[0.0, 26507404.0, 26590224.0, 26776422.0, 26819482.0, 26849100.0], [0.0, 26319404.0, 26362124.0, 26550276.0, 26567088.0, 26635480.0], [0.0, 26733330.0, 26709822.0, 26862986.0, 26982490.0, 27027578.0]]}}