{"clients": {"top_cpu_user": [[97.1, 97.7, 97.7, 97.7, 97.8, 97.8]], "top_cpu_kernel": [[2.5, 2.0, 2.0999999999999996, 2.0, 2.0, 2.0]], "top_cpu_idle": [[0.4, 0.3, 0.3, 0.2, 0.2, 0.2]], "top_cpu_wait_io": [[0.0, 0.0, 0.0, 0.0, 0.0, 0.0]], "iotop_disk_read": [[0.0, 0.0, 0.0, 0.0, 0.0, 0.0]], "iotop_disk_write": [[0.0, 3.67, 2.04, 0.0, 17.92, 0.82]], "bmon_rx_Bps": [[0.0, 1743450.12, 1743080.62, 1740295.88, 1741200.25, 1740752.0]], "bmon_tx_Bps": [[0.0, 467692064.0, 465470944.0, 465384896.0, 465505984.0, 465035328.0]]}, "broker": {"top_cpu_user": [[11.0, 13.5, 13.8, 13.8, 13.9, 14.1]], "top_cpu_kernel": [[16.1, 15.7, 15.5, 15.8, 15.7, 15.8]], "top_cpu_idle": [[72.9, 70.8, 70.6, 70.5, 70.4, 70.1]], "top_cpu_wait_io": [[0.0, 0.0, 0.0, 0.0, 0.0, 0.0]], "iotop_disk_read": [[0.0, 0.0, 0.0, 0.0, 0.0, 0.0]], "iotop_disk_write": [[0.0, 0.0, 0.0, 0.0, 16.38, 0.0]], "bmon_rx_Bps": [[0.0, 517860608.0, 515930944.0, 516142560.0, 515427776.0, 515214336.0]], "bmon_tx_Bps": [[0.0, 1450313216.0, 1443377664.0, 1444028416.0, 1443417856.0, 1442555904.0]]}, "log": {"top_cpu_user": [[38.0, 36.5, 36.8, 36.7, 36.8, 36.6], [37.1, 36.8, 36.9, 36.7, 36.8, 36.9], [34.6, 34.0, 34.1, 33.8, 34.1, 33.9]], "top_cpu_kernel": [[18.8, 19.0, 19.0, 19.0, 18.8, 18.700000000000003], [19.9, 19.0, 19.0, 19.099999999999998, 18.900000000000002, 18.900000000000002], [17.6, 17.4, 17.4, 17.5, 17.3, 17.5]], "top_cpu_idle": [[43.2, 44.5, 44.2, 44.3, 44.4, 44.8], [42.9, 44.1, 44.1, 44.2, 44.3, 44.2], [47.8, 48.5, 48.5, 48.7, 48.6, 48.6]], "top_cpu_wait_io": [[0.0, 0.0, 0.0, 0.0, 0.0, 0.0], [0.0, 0.0, 0.0, 0.0, 0.0, 0.0], [0.0, 0.0, 0.0, 0.0, 0.0, 0.0]], "iotop_disk_read": [[0.0, 0.0, 0.0, 0.0, 0.0, 0.0], [0.0, 0.0, 0.0, 0.0, 0.0, 0.0], [0.0, 0.0, 0.0, 0.0, 0.0, 0.0]], "iotop_disk_write": [[0.0, 499120.96, 495829.71, 496015.55, 495931.86, 495858.31], [0.0, 499713.23, 495436.24, 495890.54, 496093.99, 495990.22], [0.0, 499051.53, 496529.49, 495632.75, 495662.98, 496201.38]], "bmon_rx_Bps": [[0.0, 482257792.0, 479397440.0, 479647360.0, 479025824.0, 478975840.0], [0.0, 481988544.0, 479602432.0, 479384832.0, 479142400.0, 479230016.0], [0.0, 482706208.0, 479238784.0, 479569632.0, 478986080.0, 479216480.0]], "bmon_tx_Bps": [[0.0, 18021214.0, 17986376.0, 18028912.0, 17960982.0, 17977804.0], [0.0, 17824700.0, 17769016.0, 17804734.0, 17776206.0, 17792098.0], [0.0, 18021534.0, 17954002.0, 17984114.0, 17963848.0, 17985524.0]]}}