{"clients": {"top_cpu_user": [[98.4, 98.8, 98.8, 98.8, 98.8, 98.8]], "top_cpu_kernel": [[1.4, 1.0, 1.1, 1.1, 1.2000000000000002, 1.0]], "top_cpu_idle": [[0.2, 0.1, 0.1, 0.1, 0.1, 0.1]], "top_cpu_wait_io": [[0.0, 0.0, 0.0, 0.0, 0.0, 0.0]], "iotop_disk_read": [[0.0, 0.0, 0.0, 0.0, 0.0, 0.0]], "iotop_disk_write": [[0.0, 6.53, 2.04, 0.0, 15.89, 0.0]], "bmon_rx_Bps": [[0.0, 927592.25, 921361.25, 920617.5, 916223.5, 919400.69]], "bmon_tx_Bps": [[0.0, 233265760.0, 232786048.0, 232742816.0, 232805824.0, 232656240.0]]}, "broker": {"top_cpu_user": [[5.7, 8.3, 8.1, 8.1, 7.9, 8.0]], "top_cpu_kernel": [[5.0, 8.2, 8.399999999999999, 8.3, 8.3, 8.3]], "top_cpu_idle": [[89.3, 83.5, 83.6, 83.6, 83.8, 83.7]], "top_cpu_wait_io": [[0.0, 0.0, 0.0, 0.0, 0.0, 0.0]], "iotop_disk_read": [[0.0, 0.0, 0.0, 0.0, 0.0, 0.0]], "iotop_disk_write": [[0.0, 3.6, 0.0, 0.0, 16.78, 0.8]], "bmon_rx_Bps": [[0.0, 258355648.0, 257887344.0, 257836256.0, 257919584.0, 257763968.0]], "bmon_tx_Bps": [[0.0, 723207360.0, 721758464.0, 721644224.0, 721845440.0, 721396096.0]]}, "log": {"top_cpu_user": [[38.7, 37.9, 38.0, 38.1, 38.1, 38.1], [39.2, 37.8, 38.0, 37.9, 37.8, 37.8], [35.6, 35.2, 35.1, 35.2, 35.2, 35.2]], "top_cpu_kernel": [[18.0, 17.2, 17.1, 17.1, 17.0, 17.0], [17.4, 17.3, 17.2, 17.4, 17.4, 17.2], [16.7, 15.600000000000001, 15.8, 15.600000000000001, 15.700000000000001, 15.8]], "top_cpu_idle": [[43.4, 44.9, 44.8, 44.8, 44.9, 44.9], [43.4, 44.9, 44.8, 44.8, 44.9, 44.9], [47.8, 49.1, 49.1, 49.1, 49.1, 49.0]], "top_cpu_wait_io": [[0.0, 0.0, 0.0, 0.0, 0.0, 0.0], [0.0, 0.0, 0.0, 0.0, 0.0, 0.0], [0.0, 0.0, 0.0, 0.0, 0.0, 0.0]], "iotop_disk_read": [[0.0, 0.0, 0.0, 0.0, 0.0, 0.0], [0.0, 0.0, 0.0, 0.0, 0.0, 0.0], [0.0, 0.0, 0.0, 0.0, 0.0, 0.0]], "iotop_disk_write": [[0.0, 249397.17, 247627.65, 248346.45, 247546.13, 248209.02], [0.0, 249419.68, 248031.47, 247788.6, 248090.71, 247795.34], [0.0, 249873.98, 247620.7, 248076.41, 247605.37, 248212.86]], "bmon_rx_Bps": [[0.0, 240556288.0, 239802320.0, 239508848.0, 239739008.0, 239593424.0], [0.0, 240728752.0, 239769744.0, 239667472.0, 239489024.0, 239502784.0], [0.0, 241071920.0, 239839040.0, 239586448.0, 239690512.0, 239471136.0]], "bmon_tx_Bps": [[0.0, 9078308.0, 9055006.0, 9045898.0, 9053476.0, 9056104.0], [0.0, 8883429.0, 8883358.0, 8865928.0, 8859636.0, 8868087.0], [0.0, 9108519.0, 9077861.0, 9044544.0, 9056320.0, 9051009.0]]}}