{"MessagesPerSecondMeasurements":[60532.125899149476,60586.36754975207,60501.110085731976,60523.84121848021,60532.472548895676,60543.14293133308],"BytesPerSecondMeasurements":[230022078.41676784,230228196.6890578,229904218.32578146,229990596.6302248,230023395.6858036,230063943.1390656],"NumLatencyMeasurements":68911,"Latency50Pct":0.020635184,"Latency75Pct":0.020758802,"Latency90Pct":0.021558902,"Latency99Pct":0.040827761,"Latency999Pct":0.06719532,"Latency9999Pct":0.127013749,"Sync":false,"Partitions":64,"Connections":32,"MessageSize":3800,"MaxBatchSize":32768,"MessagesPerSecondConfigured":60526}