{"MessagesPerSecondMeasurements":[294961.353821754,297132.090503392,297330.40216817165,301818.3197288362,299696.2660274255,302542.6521988488],"BytesPerSecondMeasurements":[1120853144.522665,1129101943.91289,1129855528.239052,1146909614.9695773,1138845810.904217,1149662078.3556254],"NumLatencyMeasurements":23683,"Latency50Pct":0.120789568,"Latency75Pct":0.142929074,"Latency90Pct":0.183924502,"Latency99Pct":0.457638389,"Latency999Pct":0.661834689,"Latency9999Pct":0.959188618,"Sync":false,"Partitions":64,"Connections":32,"MessageSize":3800,"MaxBatchSize":32768,"MessagesPerSecondConfigured":302631}