{"clients": {"top_cpu_user": [[95.5, 95.0, 95.0, 95.1, 95.1, 95.1]], "top_cpu_kernel": [[3.5999999999999996, 4.2, 4.300000000000001, 4.300000000000001, 4.300000000000001, 4.300000000000001]], "top_cpu_idle": [[0.8, 0.7, 0.7, 0.6, 0.6, 0.6]], "top_cpu_wait_io": [[0.0, 0.0, 0.0, 0.0, 0.0, 0.0]], "iotop_disk_read": [[0.0, 0.0, 0.0, 0.0, 0.0, 0.0]], "iotop_disk_write": [[0.0, 23.28, 2.86, 0.0, 4.08, 4.49]], "bmon_rx_Bps": [[0.0, 4357844.0, 4389739.0, 4413173.0, 4445156.0, 4450371.0]], "bmon_tx_Bps": [[0.0, 1131786240.0, 1138318208.0, 1145663232.0, 1149991680.0, 1150316288.0]]}, "broker": {"top_cpu_user": [[30.3, 31.3, 31.1, 30.8, 30.9, 31.1]], "top_cpu_kernel": [[38.7, 37.1, 37.4, 37.9, 38.1, 38.0]], "top_cpu_idle": [[31.0, 31.7, 31.5, 31.3, 30.9, 30.9]], "top_cpu_wait_io": [[0.0, 0.0, 0.0, 0.0, 0.0, 0.0]], "iotop_disk_read": [[0.0, 0.0, 0.0, 0.0, 0.0, 0.0]], "iotop_disk_write": [[0.0, 27.16, 0.0, 0.0, 5.59, 0.0]], "bmon_rx_Bps": [[0.0, 1253558272.0, 1260910976.0, 1268606976.0, 1273699072.0, 1274041088.0]], "bmon_tx_Bps": [[0.0, 3511986688.0, 3535037184.0, 3552604672.0, 3568650752.0, 3573655808.0]]}, "log": {"top_cpu_user": [[34.5, 33.5, 33.2, 32.9, 33.0, 33.2], [34.3, 33.7, 33.5, 33.7, 33.7, 33.7], [31.9, 31.3, 31.2, 31.5, 31.3, 31.1]], "top_cpu_kernel": [[25.5, 24.5, 24.2, 24.5, 24.0, 23.9], [24.4, 23.700000000000003, 23.9, 23.799999999999997, 24.2, 24.0], [23.9, 22.7, 22.9, 22.3, 22.799999999999997, 22.900000000000002]], "top_cpu_idle": [[39.7, 42.0, 42.5, 42.6, 43.0, 42.9], [41.2, 42.6, 42.6, 42.5, 42.2, 42.4], [44.2, 46.1, 45.8, 46.1, 45.9, 46.0]], "top_cpu_wait_io": [[0.3, 0.0, 0.0, 0.0, 0.0, 0.0], [0.3, 0.0, 0.0, 0.0, 0.0, 0.0], [0.0, 0.0, 0.0, 0.0, 0.0, 0.0]], "iotop_disk_read": [[0.0, 0.0, 0.0, 0.0, 0.0, 0.0], [0.0, 0.0, 0.0, 0.0, 0.0, 0.0], [0.0, 0.0, 0.0, 0.0, 0.0, 0.0]], "iotop_disk_write": [[0.0, 1208355.95, 1221248.93, 1223758.96, 1229015.3, 1228626.41], [0.0, 1207989.12, 1218235.45, 1223243.24, 1229151.0, 1227974.26], [0.0, 1207766.89, 1218650.48, 1223008.81, 1229081.43, 1228228.16]], "bmon_rx_Bps": [[0.0, 1166547968.0, 1173645056.0, 1179748864.0, 1185038592.0, 1186243328.0], [0.0, 1166177920.0, 1173772928.0, 1179810048.0, 1185227136.0, 1186222208.0], [0.0, 1166490368.0, 1173810944.0, 1179615488.0, 1185120000.0, 1185943296.0]], "bmon_tx_Bps": [[0.0, 43457700.0, 43637648.0, 43903936.0, 44065960.0, 44147880.0], [0.0, 43124452.0, 43302056.0, 43607848.0, 43835640.0, 43877800.0], [0.0, 43531800.0, 43848192.0, 44119444.0, 44380172.0, 44381204.0]]}}