{"MessagesPerSecondMeasurements":[188571.02343244816,180802.8599403608,182785.80043582086,181702.91646593637,181456.1494492127,181616.41324334007],"BytesPerSecondMeasurements":[716569889.0433036,687050867.7733709,694586041.6561196,690471082.5705582,689533367.9070084,690142370.3246925],"NumLatencyMeasurements":62633,"Latency50Pct":0.021050819,"Latency75Pct":0.021417764,"Latency90Pct":0.02360258,"Latency99Pct":0.305617964,"Latency999Pct":0.475270208,"Latency9999Pct":0.822728207,"Sync":false,"Partitions":64,"Connections":32,"MessageSize":3800,"MaxBatchSize":32768,"MessagesPerSecondConfigured":181578}