{"MessagesPerSecondMeasurements":[121252.26773761398,121096.42435854745,120948.69396001258,121037.38502187401,121068.98962292205,121102.6691883184],"BytesPerSecondMeasurements":[460758617.4029331,460166412.5624802,459605037.0480479,459942063.0831211,460062160.56710386,460190142.9156099],"NumLatencyMeasurements":67949,"Latency50Pct":0.020865118,"Latency75Pct":0.021093242,"Latency90Pct":0.022309115,"Latency99Pct":0.083236407,"Latency999Pct":0.307245267,"Latency9999Pct":0.470276704,"Sync":false,"Partitions":64,"Connections":32,"MessageSize":3800,"MaxBatchSize":32768,"MessagesPerSecondConfigured":121052}