{"MessagesPerSecondMeasurements":[181445.24167940198,181805.4587541649,181563.26176816635,181407.3949700841,181536.28864252282,181655.13155572407],"BytesPerSecondMeasurements":[689491918.3817277,690860743.2658267,689940394.7190322,689348100.8863199,689837896.8415866,690289499.9117513],"NumLatencyMeasurements":46302,"Latency50Pct":0.020921515,"Latency75Pct":0.021005327,"Latency90Pct":0.021682219,"Latency99Pct":0.02479487,"Latency999Pct":0.043179784,"Latency9999Pct":0.049712362,"Sync":false,"Partitions":4,"Connections":32,"MessageSize":3800,"MaxBatchSize":524288,"MessagesPerSecondConfigured":181578}