{"MessagesPerSecondMeasurements":[276163.6993130997,275609.06507624546,276518.79738070036,276162.3392812553,276061.30973243393,276347.5538920963],"BytesPerSecondMeasurements":[1049422057.3897792,1047314447.2897328,1050771430.0466611,1049416889.2687707,1049032976.983249,1050120704.7899661],"NumLatencyMeasurements":40715,"Latency50Pct":0.020316808,"Latency75Pct":0.021476169,"Latency90Pct":0.02405701,"Latency99Pct":0.332702115,"Latency999Pct":0.354013144,"Latency9999Pct":0.375295452,"Sync":false,"Partitions":4,"Connections":32,"MessageSize":3800,"MaxBatchSize":524288,"MessagesPerSecondConfigured":302631}