{"clients": {"top_cpu_user": [[97.8, 98.8, 98.9, 99.0, 98.9, 99.0]], "top_cpu_kernel": [[2.2, 0.8, 0.8999999999999999, 0.8999999999999999, 0.8999999999999999, 0.8999999999999999]], "top_cpu_idle": [[0.0, 0.3, 0.2, 0.2, 0.2, 0.1]], "top_cpu_wait_io": [[0.0, 0.0, 0.0, 0.0, 0.0, 0.0]], "iotop_disk_read": [[0.0, 0.0, 0.0, 0.0, 0.0, 0.0]], "iotop_disk_write": [[0.0, 2.85, 14.67, 0.0, 16.31, 0.0]], "bmon_rx_Bps": [[0.0, 240416.41, 243451.75, 239183.75, 242205.89, 238741.47]], "bmon_tx_Bps": [[0.0, 232481520.0, 232166320.0, 232083120.0, 232063984.0, 232057712.0]]}, "broker": {"top_cpu_user": [[2.5, 2.0, 1.9, 1.8, 1.9, 2.0]], "top_cpu_kernel": [[5.1, 4.0, 4.2, 4.1, 4.1, 4.1]], "top_cpu_idle": [[92.5, 94.0, 94.0, 94.1, 93.9, 93.9]], "top_cpu_wait_io": [[0.0, 0.0, 0.0, 0.0, 0.0, 0.0]], "iotop_disk_read": [[0.0, 0.0, 0.0, 0.0, 0.0, 0.0]], "iotop_disk_write": [[0.0, 26.78, 0.0, 0.0, 8.39, 0.0]], "bmon_rx_Bps": [[0.0, 255414576.0, 255388544.0, 255193232.0, 255140880.0, 255162080.0]], "bmon_tx_Bps": [[0.0, 718883392.0, 720369536.0, 719479232.0, 719282176.0, 719252736.0]]}, "log": {"top_cpu_user": [[39.0, 38.7, 38.9, 39.0, 38.6, 38.5], [40.0, 39.0, 39.2, 39.1, 39.1, 39.2], [39.9, 39.0, 39.2, 39.3, 38.8, 38.5]], "top_cpu_kernel": [[17.400000000000002, 16.3, 16.2, 16.2, 16.4, 16.4], [16.4, 15.9, 15.8, 15.8, 16.0, 15.8], [18.1, 16.6, 16.4, 16.4, 16.6, 16.8]], "top_cpu_idle": [[43.4, 45.1, 44.9, 44.7, 45.0, 45.1], [43.6, 45.1, 45.0, 45.1, 45.0, 45.0], [41.6, 44.4, 44.3, 44.3, 44.6, 44.6]], "top_cpu_wait_io": [[0.3, 0.0, 0.0, 0.0, 0.0, 0.0], [0.0, 0.0, 0.0, 0.0, 0.0, 0.0], [0.3, 0.0, 0.0, 0.0, 0.0, 0.0]], "iotop_disk_read": [[0.0, 0.0, 0.0, 0.0, 0.0, 0.0], [0.0, 0.0, 0.0, 0.0, 0.0, 0.0], [0.0, 0.0, 0.0, 0.0, 0.0, 0.0]], "iotop_disk_write": [[0.0, 247614.99, 247735.69, 248472.69, 247652.76, 248568.85], [0.0, 247868.25, 248180.51, 247699.54, 248021.44, 247584.49], [0.0, 314618.52, 318089.48, 314634.99, 298542.55, 297682.01]], "bmon_rx_Bps": [[0.0, 239354448.0, 238988336.0, 239525632.0, 239133840.0, 239529600.0], [0.0, 239806976.0, 239315232.0, 239403840.0, 239122576.0, 239178880.0], [0.0, 239120736.0, 239123936.0, 239116320.0, 239118272.0, 239488880.0]], "bmon_tx_Bps": [[0.0, 8053802.0, 8086596.5, 8138769.0, 8098645.0, 8109570.0], [0.0, 8162756.5, 8141742.0, 8076116.5, 8111000.0, 8163341.0], [0.0, 8177282.0, 8207606.5, 8186574.5, 8156948.5, 8177473.0]]}}