{"MessagesPerSecondMeasurements":[242245.07533257874,242006.60041762987,242060.39919842652,241921.66049431163,242260.6744056033,242344.2402583065],"BytesPerSecondMeasurements":[920531286.2637994,919625081.5869937,919829516.9540205,919302309.878384,920590562.7412927,920908112.9815649],"NumLatencyMeasurements":50321,"Latency50Pct":0.020940632,"Latency75Pct":0.021016607,"Latency90Pct":0.02222637,"Latency99Pct":0.040504268,"Latency999Pct":0.0449788,"Latency9999Pct":0.065375816,"Sync":false,"Partitions":4,"Connections":32,"MessageSize":3800,"MaxBatchSize":524288,"MessagesPerSecondConfigured":242105}