{"MessagesPerSecondMeasurements":[121150.39652598096,121002.96632307046,121035.62499135597,121113.56833458057,120897.49798747334,121348.22626094309],"BytesPerSecondMeasurements":[460371506.79872763,459811272.0276678,459935374.9671528,460231559.67140627,459410492.3523987,461123259.7915836],"NumLatencyMeasurements":43108,"Latency50Pct":0.020319834,"Latency75Pct":0.020614958,"Latency90Pct":0.021044027,"Latency99Pct":0.024340182,"Latency999Pct":0.041112095,"Latency9999Pct":0.043805832,"Sync":false,"Partitions":4,"Connections":32,"MessageSize":3800,"MaxBatchSize":524288,"MessagesPerSecondConfigured":121052}