{"clients": {"top_cpu_user": [[95.2, 96.6, 96.9, 96.8, 96.9, 97.0]], "top_cpu_kernel": [[3.0999999999999996, 2.7, 2.6, 2.7, 2.8, 2.6]], "top_cpu_idle": [[1.7, 0.7, 0.5, 0.5, 0.4, 0.3]], "top_cpu_wait_io": [[0.0, 0.0, 0.0, 0.0, 0.0, 0.0]], "iotop_disk_read": [[0.0, 0.0, 0.0, 0.0, 0.0, 0.0]], "iotop_disk_write": [[0.0, 3.67, 2.04, 0.0, 16.3, 0.82]], "bmon_rx_Bps": [[0.0, 1187637.12, 1217202.75, 1233017.0, 1249183.25, 1245480.0]], "bmon_tx_Bps": [[0.0, 696366464.0, 696125696.0, 696062080.0, 696042688.0, 695998080.0]]}, "broker": {"top_cpu_user": [[6.0, 5.6, 5.5, 5.5, 5.5, 5.5]], "top_cpu_kernel": [[15.2, 13.6, 13.4, 13.4, 13.5, 13.4]], "top_cpu_idle": [[78.8, 80.8, 81.1, 81.1, 81.0, 81.1]], "top_cpu_wait_io": [[0.0, 0.0, 0.0, 0.0, 0.0, 0.0]], "iotop_disk_read": [[0.0, 0.0, 0.0, 0.0, 0.0, 0.0]], "iotop_disk_write": [[0.0, 0.0, 0.0, 0.0, 17.18, 0.0]], "bmon_rx_Bps": [[0.0, 766092032.0, 765798592.0, 767077440.0, 764714112.0, 765822400.0]], "bmon_tx_Bps": [[0.0, 2160180480.0, 2158712320.0, 2160322048.0, 2157654528.0, 2158254080.0]]}, "log": {"top_cpu_user": [[37.5, 37.1, 37.0, 37.3, 37.2, 37.2], [38.8, 37.6, 37.6, 37.6, 37.3, 37.7], [38.1, 36.9, 37.0, 36.9, 37.1, 37.0]], "top_cpu_kernel": [[21.900000000000002, 20.2, 20.1, 20.3, 20.4, 20.4], [20.1, 19.4, 19.5, 19.400000000000002, 19.099999999999998, 19.599999999999998], [20.0, 20.0, 19.6, 19.9, 19.9, 20.0]], "top_cpu_idle": [[40.6, 42.7, 42.9, 42.3, 42.4, 42.3], [41.0, 43.0, 43.0, 43.0, 43.7, 42.6], [41.9, 43.0, 43.3, 43.1, 43.0, 43.0]], "top_cpu_wait_io": [[0.0, 0.0, 0.0, 0.1, 0.0, 0.1], [0.0, 0.0, 0.0, 0.0, 0.0, 0.0], [0.0, 0.0, 0.0, 0.0, 0.0, 0.0]], "iotop_disk_read": [[0.0, 0.0, 0.0, 0.0, 0.0, 0.0], [0.0, 0.0, 0.0, 0.0, 0.0, 0.0], [0.0, 0.0, 0.0, 0.0, 0.0, 0.0]], "iotop_disk_write": [[0.0, 755438.95, 763003.97, 778186.21, 761178.84, 771169.98], [0.0, 743785.96, 743547.38, 742940.7, 745353.17, 742697.62], [0.0, 752265.32, 751445.71, 745829.77, 747222.64, 751874.5]], "bmon_rx_Bps": [[0.0, 717075200.0, 718392640.0, 716783168.0, 718353728.0, 717629952.0], [0.0, 717346688.0, 717425280.0, 717398528.0, 718567744.0, 717807808.0], [0.0, 717376256.0, 717136128.0, 718516160.0, 717409344.0, 718279936.0]], "bmon_tx_Bps": [[0.0, 24504048.0, 24548742.0, 24536874.0, 24545690.0, 24479954.0], [0.0, 24351552.0, 24389584.0, 24361472.0, 24366790.0, 24337318.0], [0.0, 24716230.0, 24683494.0, 24761666.0, 24718962.0, 24710758.0]]}}