{"MessagesPerSecondMeasurements":[60515.343783094824,60411.290392035495,60639.20035183339,60627.53596599021,60448.424428977756,60587.65165527398],"BytesPerSecondMeasurements":[229958306.37576038,229562903.4897349,230428961.3369669,230384636.6707628,229704012.83011544,230233076.29004115],"NumLatencyMeasurements":26538,"Latency50Pct":0.020279714,"Latency75Pct":0.02033143,"Latency90Pct":0.020738018,"Latency99Pct":0.023963358,"Latency999Pct":0.030359927,"Latency9999Pct":0.043428345,"Sync":false,"Partitions":4,"Connections":32,"MessageSize":3800,"MaxBatchSize":524288,"MessagesPerSecondConfigured":60526}