{"clients": {"top_cpu_user": [[94.1, 95.6, 96.0, 95.9, 96.1, 96.2]], "top_cpu_kernel": [[4.4, 3.4, 3.3, 3.3, 3.3, 3.3]], "top_cpu_idle": [[1.4, 1.0, 0.8, 0.7, 0.6, 0.5]], "top_cpu_wait_io": [[0.0, 0.0, 0.0, 0.0, 0.0, 0.0]], "iotop_disk_read": [[0.0, 0.0, 0.0, 0.0, 0.0, 0.0]], "iotop_disk_write": [[0.0, 3.67, 4.88, 3.26, 17.54, 0.0]], "bmon_rx_Bps": [[0.0, 792163.06, 799107.75, 787299.94, 794826.38, 808602.62]], "bmon_tx_Bps": [[0.0, 1059453760.0, 1058036032.0, 1059946688.0, 1058937280.0, 1059261184.0]]}, "broker": {"top_cpu_user": [[7.2, 7.8, 7.7, 7.7, 7.6, 7.7]], "top_cpu_kernel": [[25.5, 21.2, 21.3, 21.4, 21.099999999999998, 20.9]], "top_cpu_idle": [[67.3, 70.9, 71.1, 70.9, 71.3, 71.3]], "top_cpu_wait_io": [[0.0, 0.0, 0.0, 0.0, 0.0, 0.0]], "iotop_disk_read": [[0.0, 0.0, 0.0, 0.0, 0.0, 0.0]], "iotop_disk_write": [[0.0, 0.0, 0.0, 0.0, 25.57, 0.0]], "bmon_rx_Bps": [[0.0, 1165669632.0, 1164641792.0, 1165194240.0, 1164656384.0, 1165152128.0]], "bmon_tx_Bps": [[0.0, 3282533632.0, 3280626688.0, 3284525056.0, 3282877696.0, 3282269696.0]]}, "log": {"top_cpu_user": [[36.3, 36.5, 36.4, 35.8, 36.0, 36.2], [36.8, 37.2, 37.5, 37.1, 37.1, 37.7], [33.5, 33.9, 33.9, 33.7, 33.8, 33.9]], "top_cpu_kernel": [[23.8, 21.799999999999997, 21.9, 21.4, 21.9, 21.9], [45.0, 42.300000000000004, 42.4, 42.5, 42.6, 42.7], [23.799999999999997, 21.4, 21.5, 21.5, 21.6, 21.799999999999997]], "top_cpu_idle": [[39.9, 41.7, 41.8, 42.8, 42.1, 41.9], [0.0, 0.0, 0.0, 0.0, 0.0, 0.0], [42.7, 44.7, 44.5, 44.7, 44.4, 44.2]], "top_cpu_wait_io": [[0.0, 0.0, 0.0, 0.0, 0.0, 0.0], [18.1, 20.4, 20.0, 20.4, 20.3, 19.6], [0.0, 0.1, 0.1, 0.1, 0.2, 0.2]], "iotop_disk_read": [[0.0, 0.0, 0.0, 0.0, 0.0, 0.0], [0.0, 0.0, 0.0, 0.0, 0.0, 0.0], [0.0, 0.0, 0.0, 0.0, 0.0, 0.0]], "iotop_disk_write": [[0.0, 1131304.17, 1128921.06, 1132536.65, 1131266.6, 1131167.37], [0.0, 1781296.68, 1777215.87, 1782811.24, 1781201.08, 1780938.6], [0.0, 1397507.01, 1388847.01, 1371560.1, 1398557.35, 1401559.32]], "bmon_rx_Bps": [[0.0, 1091542016.0, 1090771200.0, 1092188160.0, 1091634816.0, 1091422720.0], [0.0, 1091558784.0, 1090614784.0, 1092281600.0, 1091316992.0, 1091627008.0], [0.0, 1091262592.0, 1090190208.0, 1092072192.0, 1091704320.0, 1091501056.0]], "bmon_tx_Bps": [[0.0, 37550328.0, 37524348.0, 37418060.0, 37372212.0, 37312256.0], [0.0, 37240396.0, 37330900.0, 37457068.0, 37401088.0, 37368164.0], [0.0, 36948920.0, 36839696.0, 36990304.0, 36914304.0, 36927920.0]]}}