{"clients": {"top_cpu_user": [[95.0, 95.6, 95.9, 96.0, 96.1, 96.2]], "top_cpu_kernel": [[3.8, 3.5, 3.5, 3.5, 3.5, 3.4]], "top_cpu_idle": [[1.2, 0.9, 0.7, 0.5, 0.4, 0.3]], "top_cpu_wait_io": [[0.0, 0.0, 0.0, 0.0, 0.0, 0.0]], "iotop_disk_read": [[0.0, 0.0, 0.0, 0.0, 0.0, 0.0]], "iotop_disk_write": [[0.0, 22.46, 0.0, 4.49, 6.53, 0.0]], "bmon_rx_Bps": [[0.0, 1450069.25, 1481536.5, 1502996.25, 1520946.25, 1515669.25]], "bmon_tx_Bps": [[0.0, 929089728.0, 928863808.0, 927577600.0, 929114880.0, 927993920.0]]}, "broker": {"top_cpu_user": [[7.1, 7.4, 7.3, 7.2, 7.0, 7.2]], "top_cpu_kernel": [[20.0, 17.5, 17.599999999999998, 17.599999999999998, 17.3, 17.5]], "top_cpu_idle": [[72.9, 75.1, 75.2, 75.3, 75.6, 75.3]], "top_cpu_wait_io": [[0.0, 0.0, 0.0, 0.0, 0.0, 0.0]], "iotop_disk_read": [[0.0, 0.0, 0.0, 0.0, 0.0, 0.0]], "iotop_disk_write": [[0.0, 18.38, 0.0, 0.0, 2.4, 0.0]], "bmon_rx_Bps": [[0.0, 1019206912.0, 1020894848.0, 1018919808.0, 1020878848.0, 1020040448.0]], "bmon_tx_Bps": [[0.0, 2878092032.0, 2878548480.0, 2877272576.0, 2880910848.0, 2876534784.0]]}, "log": {"top_cpu_user": [[37.0, 37.0, 36.7, 36.9, 37.1, 36.8], [38.2, 37.1, 37.2, 37.2, 37.1, 37.2], [34.8, 33.8, 33.8, 33.9, 34.1, 34.0]], "top_cpu_kernel": [[21.8, 21.0, 20.7, 20.799999999999997, 20.900000000000002, 20.4], [21.4, 20.3, 20.2, 20.2, 20.400000000000002, 20.3], [20.2, 19.8, 19.6, 19.8, 19.400000000000002, 19.8]], "top_cpu_idle": [[41.2, 41.8, 42.1, 41.6, 41.4, 42.7], [40.4, 42.6, 42.6, 42.6, 42.6, 42.5], [45.0, 46.4, 46.6, 46.4, 46.5, 46.3]], "top_cpu_wait_io": [[0.0, 0.1, 0.5, 0.6, 0.6, 0.0], [0.0, 0.0, 0.0, 0.0, 0.0, 0.0], [0.0, 0.0, 0.0, 0.0, 0.0, 0.0]], "iotop_disk_read": [[0.0, 0.0, 0.0, 0.0, 0.0, 0.0], [0.0, 0.0, 0.0, 0.0, 0.0, 0.0], [0.0, 0.0, 0.0, 0.0, 0.0, 0.0]], "iotop_disk_write": [[0.0, 1008780.16, 1014898.68, 1040732.95, 1017881.92, 992752.17], [0.0, 991361.39, 993320.4, 991229.96, 991619.02, 991324.65], [0.0, 1027633.22, 1068979.23, 1040436.28, 1019075.98, 1046134.66]], "bmon_rx_Bps": [[0.0, 956818944.0, 957430656.0, 956645632.0, 957121408.0, 956412160.0], [0.0, 958277632.0, 957318144.0, 956682112.0, 956436096.0, 957508736.0], [0.0, 957361664.0, 956662016.0, 957157248.0, 955951104.0, 957548928.0]], "bmon_tx_Bps": [[0.0, 32349530.0, 32149418.0, 32204398.0, 32223506.0, 32147022.0], [0.0, 32241554.0, 32278928.0, 32190180.0, 32150092.0, 32220608.0], [0.0, 32438262.0, 32466742.0, 32426172.0, 32306468.0, 32370944.0]]}}