{"clients": {"top_cpu_user": [[96.1, 97.6, 97.8, 97.9, 98.0, 98.0]], "top_cpu_kernel": [[2.0, 1.8, 1.7999999999999998, 1.7, 1.7, 1.7]], "top_cpu_idle": [[1.8, 0.6, 0.4, 0.3, 0.3, 0.3]], "top_cpu_wait_io": [[0.0, 0.0, 0.0, 0.0, 0.0, 0.0]], "iotop_disk_read": [[0.0, 0.0, 0.0, 0.0, 0.0, 0.0]], "iotop_disk_write": [[0.0, 2.85, 0.0, 0.0, 20.02, 2.04]], "bmon_rx_Bps": [[0.0, 758282.75, 781824.12, 772464.38, 770528.88, 777700.5]], "bmon_tx_Bps": [[0.0, 464122688.0, 464045376.0, 463906816.0, 464019808.0, 464096032.0]]}, "broker": {"top_cpu_user": [[5.1, 3.7, 3.8, 3.9, 3.8, 3.8]], "top_cpu_kernel": [[11.4, 9.0, 9.1, 9.1, 9.1, 8.9]], "top_cpu_idle": [[82.9, 87.3, 87.2, 87.1, 87.1, 87.3]], "top_cpu_wait_io": [[0.6, 0.0, 0.0, 0.0, 0.0, 0.0]], "iotop_disk_read": [[0.0, 0.0, 0.0, 0.0, 0.0, 0.0]], "iotop_disk_write": [[0.0, 0.0, 0.0, 0.0, 16.39, 0.0]], "bmon_rx_Bps": [[0.0, 510488992.0, 511185152.0, 510048160.0, 511156768.0, 511357248.0]], "bmon_tx_Bps": [[0.0, 1439168512.0, 1439050368.0, 1438897792.0, 1440842240.0, 1440901120.0]]}, "log": {"top_cpu_user": [[38.5, 38.3, 38.3, 38.3, 38.4, 38.4], [38.0, 38.1, 37.9, 37.9, 38.0, 38.1], [38.7, 37.8, 37.8, 37.5, 37.7, 37.7]], "top_cpu_kernel": [[20.7, 19.7, 19.7, 19.7, 19.9, 19.7], [19.099999999999998, 17.3, 17.5, 17.4, 17.5, 17.6], [18.799999999999997, 17.8, 17.8, 17.7, 17.7, 17.7]], "top_cpu_idle": [[40.2, 41.3, 41.2, 41.3, 40.8, 41.1], [42.9, 44.6, 44.7, 44.7, 44.5, 44.3], [42.5, 44.3, 44.3, 44.7, 44.6, 44.6]], "top_cpu_wait_io": [[0.6, 0.7, 0.7, 0.6, 0.9, 0.8], [0.0, 0.0, 0.0, 0.0, 0.0, 0.0], [0.0, 0.0, 0.0, 0.0, 0.0, 0.0]], "iotop_disk_read": [[0.0, 0.0, 0.0, 0.0, 0.0, 0.0], [0.0, 0.0, 0.0, 0.0, 0.0, 0.0], [0.0, 0.0, 0.0, 0.0, 0.0, 0.0]], "iotop_disk_write": [[0.0, 726456.43, 740579.22, 735240.76, 745235.16, 738510.1], [0.0, 496328.97, 495575.14, 495665.85, 495604.15, 496042.19], [0.0, 495829.97, 495926.33, 495831.58, 495308.9, 496644.49]], "bmon_rx_Bps": [[0.0, 477867008.0, 478454144.0, 479293344.0, 478592288.0, 478307168.0], [0.0, 478279392.0, 478292000.0, 478291840.0, 478479744.0, 478147360.0], [0.0, 478053120.0, 478242048.0, 478201216.0, 478189920.0, 478625952.0]], "bmon_tx_Bps": [[0.0, 16494200.0, 16568820.0, 16642381.0, 16681265.0, 16637604.0], [0.0, 16276330.0, 16305330.0, 16277090.0, 16298400.0, 16314031.0], [0.0, 16221047.0, 16267380.0, 16271691.0, 16286771.0, 16284415.0]]}}