{"SentMessagesPerSecondMeasurements":[181525.25070181646,181548.10534663286,181599.9674024247,181631.81585097325,181520.35722392818,181659.2940834231],"SentBytesPerSecondMeasurements":[689795952.6669023,689882800.3172052,690079876.1292137,690200900.233698,689777357.4509271,690305317.517008],"AckMessagesPerSecondMeasurements":[181634.75718906507,181507.04801833822,181627.2750113737,181536.0683669867,181657.2748156949,181686.56187168727],"NumLatencyMeasurements":62524,"Latency50Pct":0.020902259,"Latency75Pct":0.021081618,"Latency90Pct":0.022885116,"Latency99Pct":0.046163266,"Latency999Pct":0.079782348,"Latency9999Pct":0.089257638,"MaxPending":15,"Partitions":64,"Connections":32,"MessageSize":3800,"MaxBatchSize":524288,"MessagesPerSecondConfigured":181578}