{"SentMessagesPerSecondMeasurements":[60572.848921090845,60445.09652374446,60517.32002838946,60564.85254955441,60539.1988906299,60644.575206687645],"SentBytesPerSecondMeasurements":[230176825.9001451,229691366.7902289,229965816.10788006,230146439.68830675,230048955.78439367,230449385.78541312],"AckMessagesPerSecondMeasurements":[60531.920723006115,60472.28851386374,60476.255381686715,60455.386134442306,60566.59396329943,60685.58596416634],"NumLatencyMeasurements":26545,"Latency50Pct":0.020494746,"Latency75Pct":0.020880901,"Latency90Pct":0.02252531,"Latency99Pct":0.043308191,"Latency999Pct":0.063664506,"Latency9999Pct":0.08252403,"MaxPending":15,"Partitions":64,"Connections":32,"MessageSize":3800,"MaxBatchSize":524288,"MessagesPerSecondConfigured":60526}