{"SentMessagesPerSecondMeasurements":[120945.96203540318,121171.52941426518,121079.68437412105,120987.01767762663,121163.6919731361,120934.52750780675],"SentBytesPerSecondMeasurements":[459594655.734532,460451811.7742077,460102800.62166,459750667.1749811,460422029.4979171,459551204.52966565],"AckMessagesPerSecondMeasurements":[121096.44028234159,121075.88593415139,121079.74569249469,120987.00311881372,121136.40850532794,121002.97714175966],"NumLatencyMeasurements":51139,"Latency50Pct":0.020812883,"Latency75Pct":0.020973035,"Latency90Pct":0.022591527,"Latency99Pct":0.044226393,"Latency999Pct":0.06875768,"Latency9999Pct":0.094482817,"MaxPending":15,"Partitions":64,"Connections":32,"MessageSize":3800,"MaxBatchSize":524288,"MessagesPerSecondConfigured":121052}