{
    "clients": {
        "top_cpu_user": [
            [
                97.2,
                97.8,
                98.0,
                98.1,
                98.2,
                98.2
            ]
        ],
        "top_cpu_kernel": [
            [
                2.4,
                1.8,
                1.7000000000000002,
                1.7,
                1.7,
                1.6
            ]
        ],
        "top_cpu_idle": [
            [
                0.4,
                0.4,
                0.3,
                0.2,
                0.2,
                0.2
            ]
        ],
        "top_cpu_wait_io": [
            [
                0.0,
                0.0,
                0.0,
                0.0,
                0.0,
                0.0
            ]
        ],
        "iotop_disk_read": [
            [
                0.0,
                0.0,
                0.0,
                0.0,
                0.0,
                0.0
            ]
        ],
        "iotop_disk_write": [
            [
                0.0,
                2.45,
                0.0,
                0.0,
                20.02,
                0.0
            ]
        ],
        "bmon_rx_Bps": [
            [
                0.0,
                535730.38,
                526974.25,
                527578.94,
                526230.0,
                535811.44
            ]
        ],
        "bmon_tx_Bps": [
            [
                0.0,
                465255072.0,
                463466400.0,
                464989248.0,
                464066880.0,
                464838016.0
            ]
        ]
    },
    "broker": {
        "top_cpu_user": [
            [
                13.2,
                10.3,
                10.3,
                10.3,
                10.3,
                10.4
            ]
        ],
        "top_cpu_kernel": [
            [
                15.7,
                14.2,
                14.3,
                14.399999999999999,
                14.4,
                14.399999999999999
            ]
        ],
        "top_cpu_idle": [
            [
                71.1,
                75.6,
                75.4,
                75.3,
                75.3,
                75.1
            ]
        ],
        "top_cpu_wait_io": [
            [
                0.0,
                0.0,
                0.0,
                0.0,
                0.0,
                0.0
            ]
        ],
        "iotop_disk_read": [
            [
                0.0,
                0.0,
                0.0,
                0.0,
                0.0,
                0.0
            ]
        ],
        "iotop_disk_write": [
            [
                0.0,
                0.0,
                0.0,
                0.0,
                17.18,
                0.0
            ]
        ],
        "bmon_rx_Bps": [
            [
                0.0,
                511891936.0,
                510491264.0,
                512282784.0,
                511246528.0,
                512239680.0
            ]
        ],
        "bmon_tx_Bps": [
            [
                0.0,
                1442185472.0,
                1438054784.0,
                1442440704.0,
                1437771008.0,
                1442057728.0
            ]
        ]
    },
    "log": {
        "top_cpu_user": [
            [
                39.6,
                37.6,
                37.7,
                37.6,
                37.7,
                37.6
            ],
            [
                35.1,
                34.6,
                34.5,
                34.6,
                34.6,
                34.8
            ],
            [
                37.5,
                37.1,
                37.1,
                37.3,
                37.0,
                37.1
            ]
        ],
        "top_cpu_kernel": [
            [
                18.2,
                18.400000000000002,
                18.2,
                18.5,
                18.3,
                18.3
            ],
            [
                18.099999999999998,
                17.1,
                17.4,
                17.3,
                17.1,
                17.2
            ],
            [
                20.0,
                18.7,
                18.700000000000003,
                18.5,
                18.8,
                18.7
            ]
        ],
        "top_cpu_idle": [
            [
                42.1,
                44.0,
                44.0,
                43.9,
                44.0,
                44.1
            ],
            [
                46.8,
                48.3,
                48.1,
                48.1,
                48.3,
                48.0
            ],
            [
                42.5,
                44.1,
                44.2,
                44.2,
                44.3,
                44.3
            ]
        ],
        "top_cpu_wait_io": [
            [
                0.0,
                0.0,
                0.0,
                0.0,
                0.0,
                0.0
            ],
            [
                0.0,
                0.0,
                0.0,
                0.0,
                0.0,
                0.0
            ],
            [
                0.0,
                0.0,
                0.0,
                0.0,
                0.0,
                0.0
            ]
        ],
        "iotop_disk_read": [
            [
                0.0,
                0.0,
                0.0,
                0.0,
                0.0,
                0.0
            ],
            [
                0.0,
                0.0,
                0.0,
                0.0,
                0.0,
                0.0
            ],
            [
                0.0,
                0.0,
                0.0,
                0.0,
                0.0,
                0.0
            ]
        ],
        "iotop_disk_write": [
            [
                0.0,
                559330.06,
                561481.61,
                561003.47,
                559202.57,
                557280.88
            ],
            [
                0.0,
                548474.9,
                551798.46,
                549467.28,
                550856.49,
                554543.3
            ],
            [
                0.0,
                544701.07,
                543334.24,
                542653.07,
                543972.63,
                543195.47
            ]
        ],
        "bmon_rx_Bps": [
            [
                0.0,
                478334784.0,
                478102080.0,
                478771136.0,
                478534400.0,
                478476736.0
            ],
            [
                0.0,
                478312096.0,
                479224544.0,
                478103456.0,
                479186528.0,
                478589792.0
            ],
            [
                0.0,
                479105312.0,
                478554272.0,
                478368416.0,
                478929792.0,
                478814048.0
            ]
        ],
        "bmon_tx_Bps": [
            [
                0.0,
                16465464.0,
                16487430.0,
                16539030.0,
                16499496.0,
                16493191.0
            ],
            [
                0.0,
                16724743.0,
                16787050.0,
                16760538.0,
                16801400.0,
                16809844.0
            ],
            [
                0.0,
                16753701.0,
                16724153.0,
                16714200.0,
                16770208.0,
                16752134.0
            ]
        ]
    }
}