{"SentMessagesPerSecondMeasurements":[242035.7609894328,242089.52520939868,242203.84995657695,241913.75431227256,242017.68824652807,242266.04946485016],"SentBytesPerSecondMeasurements":[919735891.7598449,919940195.7957147,920374629.8349925,919272266.3866358,919667215.3368067,920610987.9664308],"AckMessagesPerSecondMeasurements":[242063.07153337199,242116.9830268542,242190.27512240355,241831.54605540782,242209.09672317977,241937.60145184142],"NumLatencyMeasurements":67039,"Latency50Pct":0.020975735,"Latency75Pct":0.021188546,"Latency90Pct":0.023615498,"Latency99Pct":0.059818678,"Latency999Pct":0.086123995,"Latency9999Pct":0.118636534,"MaxPending":15,"Partitions":64,"Connections":32,"MessageSize":3800,"MaxBatchSize":524288,"MessagesPerSecondConfigured":242105}