{
    "clients": {
        "top_cpu_user": [
            [
                98.2,
                98.8,
                98.9,
                98.9,
                98.9,
                98.9
            ]
        ],
        "top_cpu_kernel": [
            [
                1.4,
                0.8999999999999999,
                0.8999999999999999,
                0.8999999999999999,
                0.8999999999999999,
                0.8999999999999999
            ]
        ],
        "top_cpu_idle": [
            [
                0.4,
                0.3,
                0.2,
                0.2,
                0.1,
                0.1
            ]
        ],
        "top_cpu_wait_io": [
            [
                0.0,
                0.0,
                0.0,
                0.0,
                0.0,
                0.0
            ]
        ],
        "iotop_disk_read": [
            [
                0.0,
                0.0,
                0.0,
                0.0,
                0.0,
                0.0
            ]
        ],
        "iotop_disk_write": [
            [
                0.0,
                4.89,
                0.0,
                0.0,
                15.9,
                0.0
            ]
        ],
        "bmon_rx_Bps": [
            [
                0.0,
                257087.98,
                261826.56,
                263887.69,
                265550.91,
                259745.59
            ]
        ],
        "bmon_tx_Bps": [
            [
                0.0,
                231722656.0,
                232233472.0,
                232160992.0,
                232061536.0,
                232035520.0
            ]
        ]
    },
    "broker": {
        "top_cpu_user": [
            [
                3.7,
                5.2,
                5.2,
                5.4,
                5.3,
                5.4
            ]
        ],
        "top_cpu_kernel": [
            [
                6.1000000000000005,
                7.0,
                7.2,
                7.2,
                7.3,
                7.2
            ]
        ],
        "top_cpu_idle": [
            [
                90.2,
                87.8,
                87.6,
                87.3,
                87.3,
                87.3
            ]
        ],
        "top_cpu_wait_io": [
            [
                0.0,
                0.0,
                0.0,
                0.0,
                0.0,
                0.0
            ]
        ],
        "iotop_disk_read": [
            [
                0.0,
                0.0,
                0.0,
                0.0,
                0.0,
                0.0
            ]
        ],
        "iotop_disk_write": [
            [
                0.0,
                0.4,
                0.0,
                0.0,
                30.37,
                0.0
            ]
        ],
        "bmon_rx_Bps": [
            [
                0.0,
                255148736.0,
                255969840.0,
                255736096.0,
                255701872.0,
                255691776.0
            ]
        ],
        "bmon_tx_Bps": [
            [
                0.0,
                718234880.0,
                720396224.0,
                719940480.0,
                719768384.0,
                719733888.0
            ]
        ]
    },
    "log": {
        "top_cpu_user": [
            [
                38.7,
                38.4,
                38.4,
                38.5,
                38.5,
                38.5
            ],
            [
                35.5,
                35.4,
                35.5,
                35.3,
                35.4,
                35.5
            ],
            [
                37.5,
                38.2,
                38.2,
                38.2,
                38.2,
                38.2
            ]
        ],
        "top_cpu_kernel": [
            [
                18.200000000000003,
                16.7,
                16.7,
                16.6,
                16.6,
                16.7
            ],
            [
                16.6,
                15.5,
                15.6,
                15.7,
                15.6,
                15.5
            ],
            [
                19.5,
                16.900000000000002,
                16.8,
                16.900000000000002,
                16.8,
                17.0
            ]
        ],
        "top_cpu_idle": [
            [
                43.1,
                44.9,
                44.9,
                44.9,
                44.8,
                44.9
            ],
            [
                47.6,
                49.0,
                49.0,
                49.0,
                49.0,
                48.9
            ],
            [
                43.1,
                45.0,
                45.0,
                44.9,
                44.9,
                44.8
            ]
        ],
        "top_cpu_wait_io": [
            [
                0.0,
                0.0,
                0.0,
                0.0,
                0.0,
                0.0
            ],
            [
                0.3,
                0.0,
                0.0,
                0.0,
                0.0,
                0.0
            ],
            [
                0.0,
                0.0,
                0.0,
                0.0,
                0.0,
                0.0
            ]
        ],
        "iotop_disk_read": [
            [
                0.0,
                0.0,
                0.0,
                0.0,
                0.0,
                0.0
            ],
            [
                0.0,
                0.0,
                0.0,
                0.0,
                0.0,
                0.0
            ],
            [
                0.0,
                0.0,
                0.0,
                0.0,
                0.0,
                0.0
            ]
        ],
        "iotop_disk_write": [
            [
                0.0,
                277181.17,
                275309.1,
                277734.84,
                275736.91,
                279265.45
            ],
            [
                0.0,
                284556.17,
                284453.39,
                282717.56,
                283778.95,
                288442.48
            ],
            [
                0.0,
                267246.24,
                268682.08,
                271979.06,
                271721.21,
                269450.55
            ]
        ],
        "bmon_rx_Bps": [
            [
                0.0,
                239200992.0,
                239201472.0,
                239206080.0,
                239200176.0,
                239206672.0
            ],
            [
                0.0,
                239476512.0,
                239148544.0,
                240288992.0,
                238896128.0,
                239706304.0
            ],
            [
                0.0,
                239189360.0,
                239225120.0,
                239783488.0,
                239585296.0,
                239864320.0
            ]
        ],
        "bmon_tx_Bps": [
            [
                0.0,
                8234099.5,
                8234099.0,
                8239624.0,
                8227427.0,
                8235889.0
            ],
            [
                0.0,
                8465616.0,
                8452918.0,
                8492416.0,
                8450744.0,
                8490542.0
            ],
            [
                0.0,
                8344094.5,
                8375652.5,
                8423186.0,
                8418420.0,
                8412188.0
            ]
        ]
    }
}