{
    "clients": {
        "top_cpu_user": [
            [
                94.3,
                95.3,
                95.5,
                95.9,
                95.8,
                95.8
            ]
        ],
        "top_cpu_kernel": [
            [
                4.9,
                3.9000000000000004,
                3.9000000000000004,
                3.7,
                3.9000000000000004,
                3.8
            ]
        ],
        "top_cpu_idle": [
            [
                0.8,
                0.8,
                0.6,
                0.4,
                0.4,
                0.3
            ]
        ],
        "top_cpu_wait_io": [
            [
                0.0,
                0.0,
                0.0,
                0.0,
                0.0,
                0.0
            ]
        ],
        "iotop_disk_read": [
            [
                0.0,
                0.0,
                0.0,
                0.0,
                0.0,
                0.0
            ]
        ],
        "iotop_disk_write": [
            [
                0.0,
                2.04,
                4.08,
                0.0,
                20.0,
                3.67
            ]
        ],
        "bmon_rx_Bps": [
            [
                0.0,
                1092150.0,
                1122028.25,
                985744.06,
                1092671.12,
                1140181.88
            ]
        ],
        "bmon_tx_Bps": [
            [
                0.0,
                1157360896.0,
                1161911296.0,
                1151316864.0,
                1166359168.0,
                1162072448.0
            ]
        ]
    },
    "broker": {
        "top_cpu_user": [
            [
                18.1,
                21.7,
                22.2,
                24.2,
                22.1,
                22.1
            ]
        ],
        "top_cpu_kernel": [
            [
                41.3,
                39.0,
                39.4,
                53.0,
                39.6,
                39.5
            ]
        ],
        "top_cpu_idle": [
            [
                40.6,
                39.3,
                38.3,
                22.9,
                38.3,
                38.4
            ]
        ],
        "top_cpu_wait_io": [
            [
                0.0,
                0.0,
                0.0,
                0.0,
                0.0,
                0.0
            ]
        ],
        "iotop_disk_read": [
            [
                0.0,
                0.0,
                0.0,
                0.0,
                0.0,
                0.0
            ]
        ],
        "iotop_disk_write": [
            [
                0.0,
                0.4,
                0.8,
                0.0,
                23.17,
                0.8
            ]
        ],
        "bmon_rx_Bps": [
            [
                0.0,
                1278325376.0,
                1278818944.0,
                1270842240.0,
                1286507648.0,
                1280923392.0
            ]
        ],
        "bmon_tx_Bps": [
            [
                0.0,
                3592994304.0,
                3600931840.0,
                3568355328.0,
                3622763776.0,
                3604446208.0
            ]
        ]
    },
    "log": {
        "top_cpu_user": [
            [
                35.3,
                34.9,
                35.0,
                32.9,
                34.9,
                34.9
            ],
            [
                33.0,
                32.0,
                32.1,
                32.1,
                32.0,
                32.1
            ],
            [
                35.6,
                34.2,
                34.2,
                34.1,
                34.1,
                34.1
            ]
        ],
        "top_cpu_kernel": [
            [
                26.1,
                24.0,
                23.9,
                43.6,
                26.200000000000003,
                23.8
            ],
            [
                25.4,
                22.7,
                23.200000000000003,
                22.1,
                23.1,
                23.200000000000003
            ],
            [
                25.900000000000002,
                25.3,
                24.700000000000003,
                23.9,
                24.799999999999997,
                24.7
            ]
        ],
        "top_cpu_idle": [
            [
                38.3,
                40.9,
                40.9,
                4.8,
                36.5,
                41.1
            ],
            [
                41.1,
                45.1,
                44.5,
                45.7,
                44.8,
                44.5
            ],
            [
                38.3,
                39.6,
                40.8,
                41.9,
                40.8,
                40.7
            ]
        ],
        "top_cpu_wait_io": [
            [
                0.3,
                0.2,
                0.2,
                18.8,
                2.4,
                0.2
            ],
            [
                0.6,
                0.1,
                0.1,
                0.0,
                0.2,
                0.2
            ],
            [
                0.3,
                0.8,
                0.3,
                0.1,
                0.3,
                0.4
            ]
        ],
        "iotop_disk_read": [
            [
                0.0,
                0.0,
                0.0,
                0.0,
                0.0,
                0.0
            ],
            [
                0.0,
                0.0,
                0.0,
                0.0,
                0.0,
                0.0
            ],
            [
                0.0,
                0.0,
                0.0,
                0.0,
                0.0,
                0.0
            ]
        ],
        "iotop_disk_write": [
            [
                0.0,
                1491540.32,
                1494913.4,
                1945663.9,
                1545171.78,
                1478909.79
            ],
            [
                0.0,
                1454537.96,
                1482999.14,
                1366067.38,
                1468743.53,
                1484603.03
            ],
            [
                0.0,
                1518907.26,
                1486247.72,
                1381867.71,
                1498181.46,
                1488975.61
            ]
        ],
        "bmon_rx_Bps": [
            [
                0.0,
                1197089152.0,
                1196627584.0,
                1186239232.0,
                1203191040.0,
                1198400768.0
            ],
            [
                0.0,
                1196398976.0,
                1197078784.0,
                1188770304.0,
                1202209280.0,
                1197755904.0
            ],
            [
                0.0,
                1194173312.0,
                1196733056.0,
                1190121472.0,
                1200813184.0,
                1197820032.0
            ]
        ],
        "bmon_tx_Bps": [
            [
                0.0,
                41440616.0,
                41580600.0,
                43565680.0,
                43217172.0,
                41868760.0
            ],
            [
                0.0,
                42123244.0,
                42232368.0,
                41630312.0,
                42287192.0,
                42299324.0
            ],
            [
                0.0,
                42055016.0,
                42069560.0,
                41465712.0,
                42080136.0,
                42074984.0
            ]
        ]
    }
}