{"SentMessagesPerSecondMeasurements":[181596.04963839424,181583.17598523072,181543.3999389345,181609.23118477542,181582.14444395577,181589.1489730588],"SentBytesPerSecondMeasurements":[690064988.6258979,690016068.7438767,689864919.767951,690115078.5021468,690012148.8870317,690038766.0976233],"AckMessagesPerSecondMeasurements":[181591.25522903565,181559.9871292916,181655.2813201395,181517.34552655806,181560.5728858448,181615.53746004647],"NumLatencyMeasurements":62049,"Latency50Pct":0.020894863,"Latency75Pct":0.021113728,"Latency90Pct":0.021481009,"Latency99Pct":0.025136168,"Latency999Pct":0.047246243,"Latency9999Pct":0.140111264,"MaxPending":475,"Partitions":4,"Connections":32,"MessageSize":3800,"MaxBatchSize":32768,"MessagesPerSecondConfigured":181578}