{"clients": {"top_cpu_user": [[95.8, 97.0, 97.1, 97.1, 97.2, 97.1]], "top_cpu_kernel": [[3.6, 2.7, 2.6, 2.6, 2.6, 2.5]], "top_cpu_idle": [[0.6, 0.4, 0.3, 0.3, 0.3, 0.3]], "top_cpu_wait_io": [[0.0, 0.0, 0.0, 0.0, 0.0, 0.0]], "iotop_disk_read": [[0.0, 0.0, 0.0, 0.0, 0.0, 0.0]], "iotop_disk_write": [[0.0, 2.45, 1.63, 0.0, 16.33, 0.0]], "bmon_rx_Bps": [[0.0, 1912082.38, 1919346.0, 1926477.0, 1925806.0, 1927624.0]], "bmon_tx_Bps": [[0.0, 465035072.0, 465080320.0, 465015616.0, 465319296.0, 464784800.0]]}, "broker": {"top_cpu_user": [[9.9, 7.8, 7.8, 8.0, 7.8, 7.8]], "top_cpu_kernel": [[13.0, 11.100000000000001, 11.100000000000001, 10.899999999999999, 11.2, 11.0]], "top_cpu_idle": [[77.0, 81.1, 81.1, 81.1, 81.1, 81.3]], "top_cpu_wait_io": [[0.0, 0.0, 0.0, 0.0, 0.0, 0.0]], "iotop_disk_read": [[0.0, 0.0, 0.0, 0.0, 0.0, 0.0]], "iotop_disk_write": [[0.0, 0.4, 0.0, 0.0, 15.98, 0.0]], "bmon_rx_Bps": [[0.0, 511862400.0, 511825952.0, 511822176.0, 512298208.0, 511569984.0]], "bmon_tx_Bps": [[0.0, 1441004800.0, 1440774912.0, 1440707840.0, 1441348736.0, 1440343296.0]]}, "log": {"top_cpu_user": [[32.9, 32.2, 32.1, 32.0, 32.4, 32.6], [32.8, 32.0, 32.2, 32.1, 32.1, 32.1], [36.9, 37.1, 37.0, 37.1, 37.0, 37.1]], "top_cpu_kernel": [[15.700000000000001, 15.200000000000001, 15.200000000000001, 15.2, 15.3, 15.200000000000001], [16.1, 15.6, 15.5, 15.700000000000001, 15.7, 15.700000000000001], [20.4, 18.599999999999998, 18.9, 18.7, 18.799999999999997, 18.5]], "top_cpu_idle": [[51.4, 52.6, 52.6, 52.7, 52.3, 52.2], [51.1, 52.4, 52.3, 52.3, 52.1, 52.2], [42.7, 44.3, 44.2, 44.2, 44.2, 44.4]], "top_cpu_wait_io": [[0.0, 0.0, 0.0, 0.0, 0.0, 0.0], [0.0, 0.0, 0.0, 0.0, 0.0, 0.0], [0.0, 0.0, 0.0, 0.0, 0.0, 0.0]], "iotop_disk_read": [[0.0, 0.0, 0.0, 0.0, 0.0, 0.0], [0.0, 0.0, 0.0, 0.0, 0.0, 0.0], [0.0, 0.0, 0.0, 0.0, 0.0, 0.0]], "iotop_disk_write": [[0.0, 499962.66, 497086.8, 496997.55, 497251.62, 498271.31], [0.0, 496005.32, 496118.59, 496249.46, 495515.4, 495979.55], [0.0, 496071.93, 495502.02, 496329.31, 495230.75, 496096.08]], "bmon_rx_Bps": [[0.0, 478503648.0, 478483520.0, 478489856.0, 478675392.0, 478248192.0], [0.0, 478616608.0, 478533696.0, 478781184.0, 478498496.0, 478468416.0], [0.0, 478507328.0, 478531904.0, 478415424.0, 478826752.0, 478342048.0]], "bmon_tx_Bps": [[0.0, 16352057.0, 16407602.0, 16409496.0, 16438577.0, 16429216.0], [0.0, 16643743.0, 16609986.0, 16683926.0, 16736492.0, 16669961.0], [0.0, 16524502.0, 16576906.0, 16529350.0, 16581734.0, 16502530.0]]}}