{"clients": {"top_cpu_user": [[93.2, 93.8, 94.0, 94.0, 94.1, 94.2]], "top_cpu_kernel": [[5.9, 5.2, 5.2, 5.2, 5.2, 5.0]], "top_cpu_idle": [[0.8, 1.0, 0.8, 0.8, 0.8, 0.7]], "top_cpu_wait_io": [[0.0, 0.0, 0.0, 0.0, 0.0, 0.0]], "iotop_disk_read": [[0.0, 0.0, 0.0, 0.0, 0.0, 0.0]], "iotop_disk_write": [[0.0, 2.45, 0.0, 0.0, 19.59, 0.0]], "bmon_rx_Bps": [[0.0, 4038342.5, 4038745.0, 4047584.5, 4049379.0, 3995981.25]], "bmon_tx_Bps": [[0.0, 1060637376.0, 1060181568.0, 1060848768.0, 1059952256.0, 1051190912.0]]}, "broker": {"top_cpu_user": [[18.1, 19.2, 19.2, 19.1, 19.2, 18.9]], "top_cpu_kernel": [[32.9, 27.700000000000003, 27.6, 27.6, 27.599999999999998, 27.9]], "top_cpu_idle": [[49.0, 53.1, 53.2, 53.3, 53.2, 53.3]], "top_cpu_wait_io": [[0.0, 0.0, 0.0, 0.0, 0.0, 0.0]], "iotop_disk_read": [[0.0, 0.0, 0.0, 0.0, 0.0, 0.0]], "iotop_disk_write": [[0.0, 0.0, 0.0, 0.0, 16.78, 0.0]], "bmon_rx_Bps": [[0.0, 1166403840.0, 1166220032.0, 1166997760.0, 1166179584.0, 1156174336.0]], "bmon_tx_Bps": [[0.0, 3287863040.0, 3286788608.0, 3286417920.0, 3286723840.0, 3250672896.0]]}, "log": {"top_cpu_user": [[30.3, 31.0, 31.9, 32.5, 32.4, 32.0], [30.3, 30.4, 30.2, 29.7, 30.4, 30.1], [33.8, 32.7, 32.9, 32.7, 32.9, 33.0]], "top_cpu_kernel": [[38.099999999999994, 36.6, 37.0, 38.2, 38.3, 35.4], [21.0, 19.3, 18.799999999999997, 18.4, 19.3, 19.2], [22.4, 21.2, 21.8, 21.8, 21.5, 22.4]], "top_cpu_idle": [[0.3, 0.1, 0.1, 0.1, 0.1, 5.0], [48.8, 50.3, 51.0, 51.9, 50.2, 50.6], [43.9, 46.1, 45.4, 45.5, 45.5, 42.3]], "top_cpu_wait_io": [[31.2, 32.2, 31.0, 29.2, 29.2, 27.7], [0.0, 0.0, 0.0, 0.0, 0.0, 0.0], [0.0, 0.0, 0.0, 0.0, 0.0, 2.2]], "iotop_disk_read": [[0.0, 0.0, 0.0, 0.0, 0.0, 0.0], [0.0, 0.0, 0.0, 0.0, 0.0, 0.0], [0.0, 0.0, 0.0, 0.0, 0.0, 0.0]], "iotop_disk_write": [[0.0, 1798263.15, 1797981.53, 1797675.83, 1798675.48, 1708930.95], [0.0, 1131190.05, 1131126.59, 1130821.52, 1131062.8, 1115955.53], [0.0, 1354918.41, 1359710.71, 1357015.29, 1355291.72, 1386743.33]], "bmon_rx_Bps": [[0.0, 1091664768.0, 1091623936.0, 1091589632.0, 1091527040.0, 1080089472.0], [0.0, 1091678464.0, 1091658496.0, 1091728768.0, 1091644160.0, 1080059136.0], [0.0, 1091418240.0, 1091473664.0, 1091371008.0, 1091383808.0, 1079997696.0]], "bmon_tx_Bps": [[0.0, 37242256.0, 37309804.0, 37445736.0, 37470952.0, 37172088.0], [0.0, 37294484.0, 37240736.0, 37255224.0, 37307928.0, 36886848.0], [0.0, 37394868.0, 37528660.0, 37501304.0, 37514336.0, 36955480.0]]}}