{"clients": {"top_cpu_user": [[94.2, 95.8, 95.8, 95.9, 95.9, 95.9]], "top_cpu_kernel": [[4.8, 3.7, 3.7, 3.8, 3.8, 3.7]], "top_cpu_idle": [[1.0, 0.5, 0.5, 0.4, 0.3, 0.4]], "top_cpu_wait_io": [[0.0, 0.0, 0.0, 0.0, 0.0, 0.0]], "iotop_disk_read": [[0.0, 0.0, 0.0, 50.12, 0.0, 0.0]], "iotop_disk_write": [[0.0, 7.35, 17.13, 1.63, 14.29, 11.83]], "bmon_rx_Bps": [[0.0, 2846559.25, 2850749.5, 2850909.0, 2855652.75, 2854637.5]], "bmon_tx_Bps": [[0.0, 697932800.0, 697537664.0, 697689728.0, 697079744.0, 698181248.0]]}, "broker": {"top_cpu_user": [[12.4, 12.2, 12.3, 12.4, 12.4, 12.5]], "top_cpu_kernel": [[19.6, 17.3, 17.1, 17.1, 17.1, 17.3]], "top_cpu_idle": [[68.0, 70.5, 70.7, 70.6, 70.6, 70.3]], "top_cpu_wait_io": [[0.0, 0.0, 0.0, 0.0, 0.0, 0.0]], "iotop_disk_read": [[0.0, 0.0, 0.0, 0.0, 0.0, 0.0]], "iotop_disk_write": [[0.0, 0.0, 0.0, 0.0, 16.78, 0.0]], "bmon_rx_Bps": [[0.0, 769007488.0, 768701888.0, 768827008.0, 768315136.0, 769070400.0]], "bmon_tx_Bps": [[0.0, 2161097728.0, 2161809920.0, 2160980224.0, 2161516032.0, 2161336832.0]]}, "log": {"top_cpu_user": [[31.8, 31.5, 31.3, 31.4, 31.6, 31.6], [31.4, 31.1, 30.6, 31.0, 30.9, 30.6], [37.3, 36.5, 36.5, 36.3, 36.1, 36.1]], "top_cpu_kernel": [[19.0, 18.6, 18.0, 18.2, 17.4, 17.7], [18.5, 17.3, 16.8, 17.099999999999998, 17.2, 16.6], [21.299999999999997, 20.3, 20.4, 20.5, 20.0, 19.9]], "top_cpu_idle": [[49.2, 49.0, 50.7, 49.4, 51.0, 50.6], [50.1, 51.6, 52.6, 51.9, 51.9, 52.8], [41.4, 43.2, 43.2, 43.2, 43.8, 44.0]], "top_cpu_wait_io": [[0.0, 0.9, 0.1, 0.9, 0.1, 0.1], [0.0, 0.0, 0.0, 0.0, 0.0, 0.0], [0.0, 0.0, 0.0, 0.0, 0.0, 0.0]], "iotop_disk_read": [[0.0, 0.0, 0.0, 0.0, 0.0, 0.0], [0.0, 0.0, 0.0, 0.0, 0.0, 0.0], [0.0, 0.0, 0.0, 0.0, 0.0, 0.0]], "iotop_disk_write": [[0.0, 939045.87, 940693.57, 952698.19, 930972.85, 965068.08], [0.0, 743511.51, 743920.05, 744059.91, 743449.76, 743763.02], [0.0, 744192.79, 743609.11, 743635.41, 744248.72, 743166.8]], "bmon_rx_Bps": [[0.0, 717811520.0, 717670016.0, 717885952.0, 717895040.0, 717960704.0], [0.0, 717541824.0, 717902336.0, 717755008.0, 718220672.0, 717754496.0], [0.0, 717762368.0, 717596224.0, 717880192.0, 717598208.0, 717952512.0]], "bmon_tx_Bps": [[0.0, 25013408.0, 24998106.0, 25054250.0, 25059582.0, 25025812.0], [0.0, 25418020.0, 25504336.0, 25433198.0, 25494900.0, 25467032.0], [0.0, 25047004.0, 25059340.0, 25059780.0, 25069720.0, 25093044.0]]}}