{"SentMessagesPerSecondMeasurements":[60527.09319899334,60526.65695208492,60522.91200938536,60526.36782381056,60527.024583624916,60521.68965474436],"SentBytesPerSecondMeasurements":[230002954.1561747,230001296.41792268,229987065.63566446,230000197.73048005,230002693.41777465,229982420.68802857],"AckMessagesPerSecondMeasurements":[60512.70926058846,60533.8639528499,60526.91096090319,60536.76588658236,60535.01360751278,60519.29009369142],"NumLatencyMeasurements":54959,"Latency50Pct":0.020531777,"Latency75Pct":0.020618112,"Latency90Pct":0.020896869,"Latency99Pct":0.024387788,"Latency999Pct":0.04201852,"Latency9999Pct":0.057682781,"MaxPending":475,"Partitions":4,"Connections":32,"MessageSize":3800,"MaxBatchSize":32768,"MessagesPerSecondConfigured":60526}