{"clients": {"top_cpu_user": [[97.2, 98.3, 98.3, 98.3, 98.4, 98.4]], "top_cpu_kernel": [[2.2, 1.5, 1.5, 1.5, 1.5, 1.5]], "top_cpu_idle": [[0.6, 0.2, 0.2, 0.2, 0.1, 0.2]], "top_cpu_wait_io": [[0.0, 0.0, 0.0, 0.0, 0.0, 0.0]], "iotop_disk_read": [[0.0, 0.0, 0.0, 0.0, 0.0, 0.0]], "iotop_disk_write": [[0.0, 6.94, 0.0, 0.0, 20.4, 1.63]], "bmon_rx_Bps": [[0.0, 1011896.31, 1016395.06, 1015840.88, 1018979.38, 1018502.12]], "bmon_tx_Bps": [[0.0, 232861856.0, 232664160.0, 232845184.0, 232367648.0, 232895392.0]]}, "broker": {"top_cpu_user": [[5.6, 4.3, 4.4, 4.2, 4.2, 4.3]], "top_cpu_kernel": [[6.8, 5.800000000000001, 5.6, 5.6, 5.7, 5.6]], "top_cpu_idle": [[87.6, 89.9, 90.0, 90.1, 90.1, 90.1]], "top_cpu_wait_io": [[0.0, 0.0, 0.0, 0.0, 0.0, 0.0]], "iotop_disk_read": [[0.0, 0.0, 0.0, 0.0, 0.0, 0.0]], "iotop_disk_write": [[0.0, 0.0, 0.0, 0.0, 17.18, 0.0]], "bmon_rx_Bps": [[0.0, 256303488.0, 256137344.0, 256320992.0, 256215648.0, 256002880.0]], "bmon_tx_Bps": [[0.0, 721062144.0, 720565696.0, 721162560.0, 720939648.0, 720404160.0]]}, "log": {"top_cpu_user": [[33.1, 32.8, 32.6, 32.7, 32.7, 32.7], [33.3, 32.8, 32.7, 32.7, 32.8, 32.8], [38.3, 38.1, 37.9, 38.0, 38.1, 37.9]], "top_cpu_kernel": [[14.700000000000001, 14.1, 14.1, 14.0, 14.0, 14.0], [14.7, 14.0, 14.1, 14.1, 14.0, 14.1], [18.6, 17.1, 17.1, 17.1, 16.7, 16.9]], "top_cpu_idle": [[52.1, 53.1, 53.2, 53.3, 53.3, 53.3], [51.9, 53.2, 53.1, 53.2, 53.2, 53.1], [43.1, 44.8, 44.9, 44.8, 45.1, 45.1]], "top_cpu_wait_io": [[0.0, 0.0, 0.0, 0.0, 0.0, 0.0], [0.0, 0.0, 0.0, 0.0, 0.0, 0.0], [0.0, 0.0, 0.0, 0.0, 0.0, 0.0]], "iotop_disk_read": [[0.0, 0.0, 0.0, 0.0, 0.0, 0.0], [0.0, 0.0, 0.0, 0.0, 0.0, 0.0], [0.0, 0.0, 0.0, 0.0, 0.0, 0.0]], "iotop_disk_write": [[0.0, 280122.98, 274906.33, 272009.48, 271926.07, 267851.74], [0.0, 248517.52, 247983.85, 247720.49, 248163.95, 247858.3], [0.0, 248527.84, 247765.92, 248022.07, 247923.42, 247639.27]], "bmon_rx_Bps": [[0.0, 239784384.0, 239387520.0, 239079632.0, 239276640.0, 239458944.0], [0.0, 239787808.0, 239384320.0, 239464928.0, 239391488.0, 239194016.0], [0.0, 239710208.0, 239357568.0, 239163232.0, 239195968.0, 239519664.0]], "bmon_tx_Bps": [[0.0, 8307071.0, 8294492.0, 8246367.0, 8227247.0, 8217475.0], [0.0, 8312855.5, 8318767.0, 8329818.0, 8335877.5, 8327020.5], [0.0, 8362608.0, 8356829.0, 8351411.0, 8335589.0, 8309076.0]]}}