{"clients": {"top_cpu_user": [[92.8, 94.7, 94.7, 94.8, 94.9, 94.9]], "top_cpu_kernel": [[5.699999999999999, 4.6, 4.6, 4.7, 4.7, 4.7]], "top_cpu_idle": [[1.4, 0.7, 0.6, 0.5, 0.4, 0.5]], "top_cpu_wait_io": [[0.0, 0.0, 0.0, 0.0, 0.0, 0.0]], "iotop_disk_read": [[0.0, 0.0, 0.0, 0.0, 0.0, 0.0]], "iotop_disk_write": [[0.0, 6.94, 0.0, 0.0, 16.74, 0.0]], "bmon_rx_Bps": [[0.0, 3692721.5, 3720264.5, 3724937.0, 3736614.75, 3730678.25]], "bmon_tx_Bps": [[0.0, 929120384.0, 930381824.0, 929905088.0, 929370624.0, 929533184.0]]}, "broker": {"top_cpu_user": [[17.5, 15.6, 15.7, 15.9, 15.7, 15.7]], "top_cpu_kernel": [[24.0, 22.0, 22.1, 22.0, 22.200000000000003, 22.200000000000003]], "top_cpu_idle": [[58.4, 62.3, 62.2, 62.2, 62.1, 62.1]], "top_cpu_wait_io": [[0.0, 0.0, 0.0, 0.0, 0.0, 0.0]], "iotop_disk_read": [[0.0, 0.0, 0.0, 0.0, 0.0, 0.0]], "iotop_disk_write": [[0.0, 0.0, 14.39, 0.0, 3.2, 0.8]], "bmon_rx_Bps": [[0.0, 1024990272.0, 1023022592.0, 1023405184.0, 1024462080.0, 1023675008.0]], "bmon_tx_Bps": [[0.0, 2882749440.0, 2881434624.0, 2881308672.0, 2881738752.0, 2881796608.0]]}, "log": {"top_cpu_user": [[31.7, 31.2, 30.7, 30.7, 30.8, 31.2], [31.5, 31.0, 31.0, 30.9, 30.9, 30.9], [36.2, 35.5, 35.5, 35.5, 35.3, 35.3]], "top_cpu_kernel": [[19.5, 18.4, 18.5, 18.799999999999997, 18.3, 18.5], [19.0, 18.5, 18.4, 18.8, 18.9, 18.9], [22.9, 21.7, 21.7, 21.9, 21.7, 21.599999999999998]], "top_cpu_idle": [[48.9, 50.4, 50.8, 50.6, 50.9, 50.3], [49.4, 50.5, 50.5, 50.3, 50.2, 50.2], [40.9, 42.8, 42.8, 42.6, 42.9, 43.0]], "top_cpu_wait_io": [[0.0, 0.0, 0.0, 0.0, 0.0, 0.0], [0.0, 0.0, 0.0, 0.0, 0.0, 0.0], [0.0, 0.0, 0.0, 0.0, 0.0, 0.0]], "iotop_disk_read": [[0.0, 0.0, 0.0, 0.0, 0.0, 0.0], [0.0, 0.0, 0.0, 0.0, 0.0, 0.0], [0.0, 0.0, 0.0, 0.0, 0.0, 0.0]], "iotop_disk_write": [[0.0, 993024.41, 992999.05, 1000855.43, 993094.75, 993351.57], [0.0, 992051.45, 991318.28, 991627.37, 991669.16, 991571.8], [0.0, 994923.55, 991799.05, 991576.4, 991907.72, 991975.2]], "bmon_rx_Bps": [[0.0, 957548288.0, 957350592.0, 957146944.0, 956652352.0, 956880832.0], [0.0, 957817664.0, 956735104.0, 956927360.0, 957281280.0, 957150848.0], [0.0, 957065216.0, 956827776.0, 957209600.0, 956926592.0, 956870528.0]], "bmon_tx_Bps": [[0.0, 33074198.0, 32962610.0, 32966152.0, 32910814.0, 33063192.0], [0.0, 32979982.0, 32953766.0, 32998050.0, 33047064.0, 33024938.0], [0.0, 33223326.0, 33249108.0, 33318184.0, 33274418.0, 33186280.0]]}}