{"SentMessagesPerSecondMeasurements":[121127.49752172575,120949.53633051192,121051.64533348744,121050.38659687439,121039.75209961197,121047.67779743591],"SentBytesPerSecondMeasurements":[460284490.58255786,459608238.0559454,459996252.2672522,459991469.0681227,459951057.97852534,459981175.6302566],"AckMessagesPerSecondMeasurements":[121100.21279278024,121028.5927616431,121021.2528195456,121033.59613909273,121081.29065582501,121074.84757912015],"NumLatencyMeasurements":58324,"Latency50Pct":0.020758655,"Latency75Pct":0.020889887,"Latency90Pct":0.021333587,"Latency99Pct":0.024737881,"Latency999Pct":0.042371225,"Latency9999Pct":0.062657035,"MaxPending":475,"Partitions":4,"Connections":32,"MessageSize":3800,"MaxBatchSize":32768,"MessagesPerSecondConfigured":121052}