{"SentMessagesPerSecondMeasurements":[242152.9829672899,242120.47012140212,242087.16701322942,242113.68008032136,242113.87263701527,242092.95220422785],"SentBytesPerSecondMeasurements":[920181335.2757016,920057786.4613279,919931234.6502718,920031984.3052213,920032716.0206581,919953218.3760659],"AckMessagesPerSecondMeasurements":[241707.3585647362,242086.13086902027,242131.11211777694,242211.95613097693,242014.84227423315,242164.8766371975],"NumLatencyMeasurements":63990,"Latency50Pct":0.020799833,"Latency75Pct":0.021300441,"Latency90Pct":0.021644073,"Latency99Pct":0.026386825,"Latency999Pct":0.062937596,"Latency9999Pct":0.196143703,"MaxPending":475,"Partitions":4,"Connections":32,"MessageSize":3800,"MaxBatchSize":32768,"MessagesPerSecondConfigured":242105}