{"clients": {"top_cpu_user": [[95.9, 96.2, 96.5, 96.6, 96.6, 96.6]], "top_cpu_kernel": [[3.6, 3.1, 3.0, 3.0, 3.0, 3.1]], "top_cpu_idle": [[0.4, 0.7, 0.5, 0.4, 0.3, 0.3]], "top_cpu_wait_io": [[0.0, 0.0, 0.0, 0.0, 0.0, 0.0]], "iotop_disk_read": [[0.0, 0.0, 0.0, 0.0, 0.0, 0.0]], "iotop_disk_write": [[0.0, 2.85, 4.9, 0.0, 17.15, 0.0]], "bmon_rx_Bps": [[0.0, 1065250.75, 1091574.5, 1091083.5, 1108739.75, 1115334.5]], "bmon_tx_Bps": [[0.0, 926992448.0, 928041280.0, 928758144.0, 928138240.0, 928331520.0]]}, "broker": {"top_cpu_user": [[18.2, 16.2, 16.1, 16.3, 16.9, 16.5]], "top_cpu_kernel": [[28.900000000000002, 27.599999999999998, 27.599999999999998, 27.8, 28.4, 28.0]], "top_cpu_idle": [[52.8, 56.2, 56.3, 55.9, 54.7, 55.5]], "top_cpu_wait_io": [[0.0, 0.0, 0.0, 0.0, 0.0, 0.0]], "iotop_disk_read": [[0.0, 0.0, 0.0, 0.0, 0.0, 0.0]], "iotop_disk_write": [[0.0, 0.4, 0.0, 0.0, 16.38, 0.0]], "bmon_rx_Bps": [[0.0, 1020856448.0, 1021954240.0, 1022761024.0, 1022376320.0, 1022455808.0]], "bmon_tx_Bps": [[0.0, 2874597632.0, 2877806080.0, 2880019200.0, 2878421504.0, 2878851328.0]]}, "log": {"top_cpu_user": [[33.3, 32.8, 32.5, 32.7, 32.5, 32.5], [36.1, 35.5, 35.1, 35.4, 35.4, 35.4], [35.8, 35.5, 35.4, 35.5, 35.2, 35.4]], "top_cpu_kernel": [[22.9, 21.0, 21.200000000000003, 21.200000000000003, 21.5, 21.1], [21.400000000000002, 20.7, 20.9, 20.9, 21.0, 21.0], [23.599999999999998, 21.9, 21.799999999999997, 22.0, 22.6, 22.1]], "top_cpu_idle": [[43.7, 46.0, 46.3, 45.9, 45.8, 46.2], [42.5, 43.7, 44.0, 43.6, 43.5, 43.5], [40.6, 42.7, 42.8, 42.6, 42.2, 42.4]], "top_cpu_wait_io": [[0.0, 0.2, 0.1, 0.2, 0.2, 0.1], [0.0, 0.0, 0.0, 0.0, 0.0, 0.0], [0.0, 0.0, 0.0, 0.0, 0.0, 0.0]], "iotop_disk_read": [[0.0, 0.0, 0.0, 0.0, 0.0, 0.0], [0.0, 0.0, 0.0, 0.0, 0.0, 0.0], [0.0, 0.0, 0.0, 0.0, 0.0, 0.0]], "iotop_disk_write": [[0.0, 1168554.19, 1160418.93, 1171844.78, 1194858.98, 1165445.63], [0.0, 994358.95, 999033.44, 995403.57, 997077.89, 997138.87], [0.0, 1105967.69, 1091367.32, 1102432.26, 1124022.35, 1110823.05]], "bmon_rx_Bps": [[0.0, 956671744.0, 956694144.0, 957266432.0, 957225856.0, 956707456.0], [0.0, 955750144.0, 956599616.0, 957565568.0, 956402816.0, 956646528.0], [0.0, 956150784.0, 958064640.0, 957496576.0, 956313920.0, 956454208.0]], "bmon_tx_Bps": [[0.0, 33523860.0, 33533040.0, 33571000.0, 33732672.0, 33560260.0], [0.0, 32530342.0, 32586958.0, 32616140.0, 32595456.0, 32635012.0], [0.0, 33236408.0, 33209470.0, 33211452.0, 33323128.0, 33326346.0]]}}