{"clients": {"top_cpu_user": [[96.2, 97.0, 97.3, 97.4, 97.4, 97.5]], "top_cpu_kernel": [[3.2, 2.4, 2.4, 2.3, 2.4, 2.4]], "top_cpu_idle": [[0.6, 0.6, 0.4, 0.3, 0.3, 0.2]], "top_cpu_wait_io": [[0.0, 0.0, 0.0, 0.0, 0.0, 0.0]], "iotop_disk_read": [[0.0, 0.0, 0.0, 0.0, 0.0, 0.0]], "iotop_disk_write": [[0.0, 2.86, 5.72, 0.41, 19.61, 2.45]], "bmon_rx_Bps": [[0.0, 794918.19, 792654.31, 796188.62, 795835.75, 812887.38]], "bmon_tx_Bps": [[0.0, 696577856.0, 696056320.0, 696740480.0, 695454720.0, 696863744.0]]}, "broker": {"top_cpu_user": [[14.6, 12.8, 12.6, 12.7, 12.7, 13.0]], "top_cpu_kernel": [[22.8, 20.5, 20.5, 20.700000000000003, 20.8, 21.0]], "top_cpu_idle": [[62.7, 66.6, 66.9, 66.6, 66.5, 66.0]], "top_cpu_wait_io": [[0.0, 0.0, 0.0, 0.0, 0.0, 0.0]], "iotop_disk_read": [[0.0, 0.0, 0.0, 0.0, 0.0, 0.0]], "iotop_disk_write": [[0.0, 0.8, 0.0, 0.0, 15.98, 0.0]], "bmon_rx_Bps": [[0.0, 766984128.0, 767290240.0, 766843392.0, 766551040.0, 767187392.0]], "bmon_tx_Bps": [[0.0, 2159823616.0, 2158865920.0, 2160128000.0, 2157010944.0, 2161199104.0]]}, "log": {"top_cpu_user": [[34.4, 33.6, 33.8, 33.6, 33.7, 33.7], [36.9, 36.0, 36.1, 36.2, 35.9, 36.0], [37.8, 35.9, 36.0, 36.3, 36.2, 36.1]], "top_cpu_kernel": [[21.2, 19.5, 19.1, 19.4, 19.3, 19.5], [20.6, 19.799999999999997, 19.7, 19.5, 19.6, 19.799999999999997], [20.6, 20.200000000000003, 20.3, 20.3, 20.3, 20.400000000000002]], "top_cpu_idle": [[44.1, 46.8, 47.1, 47.0, 47.0, 46.7], [42.5, 44.2, 44.2, 44.2, 44.5, 44.2], [41.7, 43.9, 43.7, 43.4, 43.4, 43.4]], "top_cpu_wait_io": [[0.3, 0.0, 0.0, 0.0, 0.0, 0.0], [0.0, 0.0, 0.0, 0.0, 0.0, 0.0], [0.0, 0.0, 0.0, 0.0, 0.0, 0.0]], "iotop_disk_read": [[0.0, 0.0, 0.0, 0.0, 0.0, 0.0], [0.0, 0.0, 0.0, 0.0, 0.0, 0.0], [0.0, 0.0, 0.0, 0.0, 0.0, 0.0]], "iotop_disk_write": [[0.0, 871755.21, 834459.57, 839746.47, 842132.38, 849761.43], [0.0, 743430.33, 745237.11, 745149.66, 745337.6, 744384.17], [0.0, 811935.4, 821174.99, 818636.65, 822422.22, 826810.0]], "bmon_rx_Bps": [[0.0, 718566400.0, 718127616.0, 717951168.0, 717029504.0, 718070784.0], [0.0, 717095296.0, 717334528.0, 717554688.0, 718139392.0, 717813632.0], [0.0, 717025856.0, 718024576.0, 718062464.0, 718095744.0, 717090816.0]], "bmon_tx_Bps": [[0.0, 25368926.0, 25229112.0, 25267338.0, 25244266.0, 25346990.0], [0.0, 24322600.0, 24347910.0, 24357958.0, 24370490.0, 24364578.0], [0.0, 25021758.0, 25122684.0, 25150144.0, 25133744.0, 25157736.0]]}}