{"MessagesPerSecondMeasurements":[181390.49693596803,181698.84575120403,181588.02254597784,181477.26337680614,181633.4017025197,181683.14458708084],"BytesPerSecondMeasurements":[689283888.3566787,690455613.8545754,690034485.674716,689613600.8318634,690206926.4695749,690395949.4309076],"NumLatencyMeasurements":62541,"Latency50Pct":0.020923376,"Latency75Pct":0.021072081,"Latency90Pct":0.022905742,"Latency99Pct":0.056261409,"Latency999Pct":0.081411717,"Latency9999Pct":0.10610596,"Sync":false,"Partitions":64,"Connections":32,"MessageSize":3800,"MaxBatchSize":524288,"MessagesPerSecondConfigured":181578}