{"MessagesPerSecondMeasurements":[393611.89957150316,394269.12675632833,394507.4321417307,388605.2446615001,393419.75338286697,385457.0170153733],"BytesPerSecondMeasurements":[1495725218.3717113,1498222681.6740477,1499128242.1385767,1476699929.7137005,1494995062.854894,1464736664.6584182],"NumLatencyMeasurements":21409,"Latency50Pct":0.117521687,"Latency75Pct":0.224810912,"Latency90Pct":0.329109308,"Latency99Pct":0.520441246,"Latency999Pct":0.68284616,"Latency9999Pct":0.886869828,"Sync":false,"Partitions":64,"Connections":32,"MessageSize":3800,"MaxBatchSize":524288,"MessagesPerSecondConfigured":2300000}