{"MessagesPerSecondMeasurements":[302555.36610786285,302338.58857303363,302272.7465165667,303003.3924356292,302400.22089636966,302617.45337835385],"BytesPerSecondMeasurements":[1149710391.2098787,1148886636.577528,1148636436.7629538,1151412891.2553906,1149120839.4062047,1149946322.8377452],"NumLatencyMeasurements":68816,"Latency50Pct":0.020991759,"Latency75Pct":0.021285741,"Latency90Pct":0.024705028,"Latency99Pct":0.063063835,"Latency999Pct":0.125783203,"Latency9999Pct":0.147239712,"Sync":false,"Partitions":64,"Connections":32,"MessageSize":3800,"MaxBatchSize":524288,"MessagesPerSecondConfigured":302631}