{"MessagesPerSecondMeasurements":[121024.74120256364,121056.74568228415,121148.34808563655,121054.36713395633,120899.36235532044,121143.25692209277],"BytesPerSecondMeasurements":[459894016.5697419,460015633.5926798,460363722.7254188,460006595.1090343,459417576.9502177,460344376.3039526],"NumLatencyMeasurements":51173,"Latency50Pct":0.020811648,"Latency75Pct":0.020963338,"Latency90Pct":0.022460066,"Latency99Pct":0.043741597,"Latency999Pct":0.072246075,"Latency9999Pct":0.084621854,"Sync":false,"Partitions":64,"Connections":32,"MessageSize":3800,"MaxBatchSize":524288,"MessagesPerSecondConfigured":121052}