{"clients": {"top_cpu_user": [[97.3, 98.0, 98.2, 98.1, 98.2, 98.3]], "top_cpu_kernel": [[2.3, 1.6, 1.5, 1.6, 1.6, 1.5]], "top_cpu_idle": [[0.4, 0.4, 0.3, 0.2, 0.2, 0.2]], "top_cpu_wait_io": [[0.0, 0.0, 0.0, 0.0, 0.0, 0.0]], "iotop_disk_read": [[0.0, 0.0, 0.0, 0.0, 0.0, 0.0]], "iotop_disk_write": [[0.0, 7.76, 0.0, 22.82, 2.45, 0.0]], "bmon_rx_Bps": [[0.0, 496977.69, 500421.31, 514299.5, 499947.75, 500259.5]], "bmon_tx_Bps": [[0.0, 464460064.0, 464299104.0, 464025856.0, 464939552.0, 464258688.0]]}, "broker": {"top_cpu_user": [[10.7, 8.9, 9.0, 8.7, 8.9, 9.0]], "top_cpu_kernel": [[14.4, 13.5, 13.6, 13.5, 13.4, 13.6]], "top_cpu_idle": [[74.8, 77.6, 77.4, 77.7, 77.7, 77.3]], "top_cpu_wait_io": [[0.0, 0.0, 0.0, 0.0, 0.0, 0.0]], "iotop_disk_read": [[0.0, 0.0, 0.0, 0.0, 0.0, 0.0]], "iotop_disk_write": [[0.0, 0.8, 0.0, 0.0, 17.18, 0.0]], "bmon_rx_Bps": [[0.0, 511413824.0, 511315264.0, 511050048.0, 512037920.0, 511224384.0]], "bmon_tx_Bps": [[0.0, 1439671936.0, 1439616000.0, 1439542912.0, 1441984256.0, 1439028608.0]]}, "log": {"top_cpu_user": [[36.1, 34.5, 34.6, 34.6, 34.4, 34.6], [37.6, 37.1, 37.1, 37.0, 37.1, 37.0], [37.4, 37.1, 37.0, 37.1, 37.1, 37.1]], "top_cpu_kernel": [[18.1, 17.4, 17.4, 17.3, 17.3, 17.4], [19.599999999999998, 18.2, 18.2, 18.2, 18.099999999999998, 18.299999999999997], [19.9, 18.700000000000003, 18.700000000000003, 18.6, 18.6, 18.700000000000003]], "top_cpu_idle": [[45.8, 48.1, 48.0, 48.1, 48.3, 48.0], [42.8, 44.6, 44.7, 44.8, 44.8, 44.7], [42.7, 44.3, 44.3, 44.3, 44.3, 44.2]], "top_cpu_wait_io": [[0.0, 0.0, 0.0, 0.0, 0.0, 0.0], [0.0, 0.0, 0.0, 0.0, 0.0, 0.0], [0.0, 0.0, 0.0, 0.0, 0.0, 0.0]], "iotop_disk_read": [[0.0, 0.0, 0.0, 0.0, 0.0, 0.0], [0.0, 0.0, 0.0, 0.0, 0.0, 0.0], [0.0, 0.0, 0.0, 0.0, 0.0, 0.0]], "iotop_disk_write": [[0.0, 547743.46, 546606.22, 544421.43, 545801.08, 547378.37], [0.0, 498194.84, 499719.35, 498362.05, 499129.07, 499740.19], [0.0, 538609.1, 541645.59, 538309.68, 536066.14, 543908.71]], "bmon_rx_Bps": [[0.0, 479039552.0, 478554752.0, 478436096.0, 478565760.0, 478853600.0], [0.0, 478963264.0, 478358912.0, 478294432.0, 478400256.0, 479065088.0], [0.0, 478368992.0, 478819008.0, 478816576.0, 478609280.0, 478117344.0]], "bmon_tx_Bps": [[0.0, 16817634.0, 16803838.0, 16793608.0, 16807418.0, 16819814.0], [0.0, 16187885.0, 16165977.0, 16157632.0, 16166204.0, 16157629.0], [0.0, 16744775.0, 16795136.0, 16785976.0, 16767902.0, 16799584.0]]}}