{"MessagesPerSecondMeasurements":[60410.479546428905,60466.158062691,60505.31223097663,60584.45804249078,60532.262582451534,60554.011339530574],"BytesPerSecondMeasurements":[229559822.2764299,229771400.63822588,229920186.4777113,230220940.56146497,230022597.81331584,230105243.09021622],"NumLatencyMeasurements":26535,"Latency50Pct":0.020463263,"Latency75Pct":0.020854491,"Latency90Pct":0.022901119,"Latency99Pct":0.043536339,"Latency999Pct":0.063910185,"Latency9999Pct":0.085156698,"Sync":false,"Partitions":64,"Connections":32,"MessageSize":3800,"MaxBatchSize":524288,"MessagesPerSecondConfigured":60526}