{"clients": {"top_cpu_user": [[95.3, 95.5, 95.8, 95.8, 95.9, 96.0]], "top_cpu_kernel": [[4.3, 3.7, 3.6, 3.7, 3.7, 3.6]], "top_cpu_idle": [[0.4, 0.8, 0.5, 0.4, 0.4, 0.3]], "top_cpu_wait_io": [[0.0, 0.0, 0.0, 0.0, 0.0, 0.0]], "iotop_disk_read": [[0.0, 0.0, 0.0, 0.0, 0.0, 0.0]], "iotop_disk_write": [[0.0, 51.43, 1.63, 0.41, 0.82, 0.82]], "bmon_rx_Bps": [[0.0, 1200148.5, 1190994.0, 1213331.12, 1217986.25, 1232485.5]], "bmon_tx_Bps": [[0.0, 1160858112.0, 1160384896.0, 1161759104.0, 1157973760.0, 1160756736.0]]}, "broker": {"top_cpu_user": [[13.6, 19.2, 19.4, 19.5, 19.3, 19.8]], "top_cpu_kernel": [[31.799999999999997, 35.3, 35.5, 35.8, 35.8, 36.3]], "top_cpu_idle": [[54.5, 45.6, 45.1, 44.6, 44.9, 43.9]], "top_cpu_wait_io": [[0.0, 0.0, 0.0, 0.0, 0.0, 0.0]], "iotop_disk_read": [[0.0, 0.0, 0.0, 0.0, 0.0, 0.0]], "iotop_disk_write": [[0.0, 0.8, 0.0, 0.0, 17.58, 0.0]], "bmon_rx_Bps": [[0.0, 1278988928.0, 1278469120.0, 1279778048.0, 1276376576.0, 1278636544.0]], "bmon_tx_Bps": [[0.0, 3599755264.0, 3598336512.0, 3597979648.0, 3594778112.0, 3600201728.0]]}, "log": {"top_cpu_user": [[31.4, 31.7, 31.7, 31.6, 31.7, 31.6], [34.8, 34.3, 34.2, 34.6, 34.3, 34.3], [34.5, 34.3, 34.4, 34.6, 34.2, 34.3]], "top_cpu_kernel": [[27.0, 23.5, 23.200000000000003, 23.0, 23.0, 23.1], [23.5, 22.3, 22.4, 22.2, 22.7, 22.6], [26.0, 24.5, 24.7, 24.0, 24.700000000000003, 24.700000000000003]], "top_cpu_idle": [[40.8, 44.1, 44.9, 45.1, 45.0, 45.1], [41.7, 43.3, 43.4, 43.3, 43.0, 43.1], [39.5, 40.7, 40.3, 41.0, 40.7, 40.4]], "top_cpu_wait_io": [[0.8, 0.7, 0.2, 0.3, 0.3, 0.2], [0.0, 0.0, 0.0, 0.0, 0.0, 0.0], [0.0, 0.5, 0.7, 0.3, 0.4, 0.6]], "iotop_disk_read": [[0.0, 0.0, 0.0, 0.0, 0.0, 0.0], [0.0, 0.0, 0.0, 0.0, 0.0, 0.0], [0.0, 0.0, 0.0, 0.0, 0.0, 0.0]], "iotop_disk_write": [[0.0, 1486385.75, 1475574.43, 1478392.08, 1471644.22, 1472112.33], [0.0, 1245735.17, 1244195.34, 1243795.12, 1243811.72, 1244103.42], [0.0, 1477611.85, 1502593.92, 1480747.17, 1495403.26, 1511553.87]], "bmon_rx_Bps": [[0.0, 1195915392.0, 1196283776.0, 1197614976.0, 1196402304.0, 1196000896.0], [0.0, 1195869568.0, 1195784192.0, 1196912128.0, 1195390208.0, 1195193344.0], [0.0, 1197258112.0, 1195900928.0, 1196937088.0, 1196111872.0, 1195960704.0]], "bmon_tx_Bps": [[0.0, 42031936.0, 42049400.0, 42077828.0, 41942160.0, 42005272.0], [0.0, 40768648.0, 40782216.0, 40793616.0, 40772988.0, 40724212.0], [0.0, 42067636.0, 42178724.0, 42163248.0, 42183696.0, 42281552.0]]}}