{"clients": {"top_cpu_user": [[99.0, 98.9, 99.0, 99.0, 99.0, 99.1]], "top_cpu_kernel": [[1.0, 0.8999999999999999, 0.8, 0.8, 0.8, 0.8]], "top_cpu_idle": [[0.0, 0.2, 0.2, 0.2, 0.1, 0.1]], "top_cpu_wait_io": [[0.0, 0.0, 0.0, 0.0, 0.0, 0.0]], "iotop_disk_read": [[0.0, 0.0, 0.0, 0.0, 0.0, 0.0]], "iotop_disk_write": [[0.0, 7.75, 0.0, 0.0, 16.74, 0.0]], "bmon_rx_Bps": [[0.0, 243200.53, 239308.41, 237493.81, 237415.69, 237521.39]], "bmon_tx_Bps": [[0.0, 232150160.0, 232030352.0, 232160592.0, 232110608.0, 232056544.0]]}, "broker": {"top_cpu_user": [[3.2, 4.4, 4.3, 4.5, 4.6, 4.5]], "top_cpu_kernel": [[5.1, 6.6, 6.699999999999999, 6.6, 6.699999999999999, 6.5]], "top_cpu_idle": [[91.7, 89.0, 89.0, 88.9, 88.7, 89.0]], "top_cpu_wait_io": [[0.0, 0.0, 0.0, 0.0, 0.0, 0.0]], "iotop_disk_read": [[0.0, 0.0, 0.0, 0.0, 0.0, 0.0]], "iotop_disk_write": [[0.0, 0.8, 0.0, 24.78, 3.6, 0.0]], "bmon_rx_Bps": [[0.0, 255592576.0, 255470752.0, 255436736.0, 255683440.0, 255444448.0]], "bmon_tx_Bps": [[0.0, 719864768.0, 719508352.0, 719401152.0, 720121856.0, 719436480.0]]}, "log": {"top_cpu_user": [[35.5, 35.2, 35.1, 35.3, 35.2, 35.3], [39.0, 38.0, 38.0, 38.1, 38.0, 38.0], [38.2, 37.9, 38.0, 38.0, 37.9, 38.1]], "top_cpu_kernel": [[17.7, 15.799999999999999, 15.9, 15.7, 15.7, 15.7], [17.400000000000002, 16.9, 16.9, 16.8, 16.8, 16.9], [18.400000000000002, 17.0, 17.0, 16.9, 17.1, 16.8]], "top_cpu_idle": [[46.8, 49.0, 49.0, 49.0, 49.1, 49.0], [43.6, 45.0, 45.2, 45.1, 45.2, 45.1], [43.5, 45.1, 45.0, 45.1, 45.0, 45.0]], "top_cpu_wait_io": [[0.0, 0.0, 0.0, 0.0, 0.0, 0.0], [0.0, 0.0, 0.0, 0.0, 0.0, 0.0], [0.0, 0.0, 0.0, 0.0, 0.0, 0.0]], "iotop_disk_read": [[0.0, 0.0, 0.0, 0.0, 0.0, 0.0], [0.0, 0.0, 0.0, 0.0, 0.0, 0.0], [0.0, 0.0, 0.0, 0.0, 0.0, 0.0]], "iotop_disk_write": [[0.0, 271844.24, 273172.41, 272372.77, 274236.47, 275096.7], [0.0, 247807.39, 247522.43, 247666.24, 248390.17, 249066.63], [0.0, 264485.86, 264639.33, 266803.15, 267953.78, 264514.62]], "bmon_rx_Bps": [[0.0, 239386080.0, 239226144.0, 239222752.0, 239308288.0, 239455904.0], [0.0, 239313664.0, 239538192.0, 239454816.0, 239531616.0, 239694336.0], [0.0, 239107168.0, 239196576.0, 239291584.0, 239606096.0, 239354736.0]], "bmon_tx_Bps": [[0.0, 8379301.0, 8364446.0, 8370362.5, 8381464.5, 8393868.0], [0.0, 8107312.0, 8102189.0, 8113659.0, 8097519.0, 8113957.0], [0.0, 8324568.5, 8349380.0, 8339834.0, 8368287.5, 8340790.0]]}}