{"MessagesPerSecondMeasurements":[242182.88530230612,241935.21736690053,241942.10320206912,242270.1448603294,242230.06283776968,241924.45783966687],"BytesPerSecondMeasurements":[920294964.1487635,919353825.994222,919379992.1678624,920626550.4692515,920474238.7835248,919312939.7907338],"NumLatencyMeasurements":66832,"Latency50Pct":0.020983026,"Latency75Pct":0.021174552,"Latency90Pct":0.023602375,"Latency99Pct":0.061538553,"Latency999Pct":0.090616476,"Latency9999Pct":0.142985649,"Sync":false,"Partitions":64,"Connections":32,"MessageSize":3800,"MaxBatchSize":524288,"MessagesPerSecondConfigured":242105}