{"clients": {"top_cpu_user": [[94.4, 94.9, 94.9, 95.0, 95.2, 95.2]], "top_cpu_kernel": [[4.7, 4.1, 4.2, 4.1, 4.1, 4.1]], "top_cpu_idle": [[0.8, 1.0, 0.9, 0.8, 0.7, 0.6]], "top_cpu_wait_io": [[0.0, 0.0, 0.0, 0.0, 0.0, 0.0]], "iotop_disk_read": [[0.0, 0.0, 0.0, 0.0, 0.0, 0.0]], "iotop_disk_write": [[0.0, 6.95, 0.0, 0.0, 18.78, 0.0]], "bmon_rx_Bps": [[0.0, 513173.38, 515474.91, 514936.53, 513563.38, 511748.66]], "bmon_tx_Bps": [[0.0, 1509261184.0, 1509416704.0, 1512299264.0, 1501436928.0, 1502496256.0]]}, "broker": {"top_cpu_user": [[25.2, 25.1, 25.0, 25.5, 25.0, 25.6]], "top_cpu_kernel": [[73.7, 73.9, 73.8, 73.5, 74.1, 73.3]], "top_cpu_idle": [[1.2, 1.0, 1.1, 1.0, 1.0, 1.1]], "top_cpu_wait_io": [[0.0, 0.0, 0.0, 0.0, 0.0, 0.0]], "iotop_disk_read": [[0.0, 0.0, 0.0, 0.0, 0.0, 0.0]], "iotop_disk_write": [[0.0, 0.4, 0.4, 0.0, 16.77, 0.0]], "bmon_rx_Bps": [[0.0, 1665561728.0, 1664935808.0, 1668956416.0, 1657417600.0, 1658196352.0]], "bmon_tx_Bps": [[0.0, 4676999168.0, 4681521152.0, 4683063296.0, 4654683136.0, 4660518912.0]]}, "log": {"top_cpu_user": [[30.1, 31.0, 30.9, 31.1, 31.0, 30.4], [33.8, 33.1, 32.9, 33.1, 33.3, 33.3], [32.9, 33.2, 33.0, 33.1, 32.9, 32.8]], "top_cpu_kernel": [[44.5, 41.599999999999994, 41.099999999999994, 40.9, 40.3, 40.4], [25.799999999999997, 24.6, 24.6, 24.2, 24.700000000000003, 25.0], [48.300000000000004, 45.1, 44.5, 44.800000000000004, 45.6, 45.0]], "top_cpu_idle": [[3.5, 2.9, 3.5, 3.6, 5.1, 4.8], [40.4, 42.3, 42.4, 42.7, 42.0, 41.7], [0.3, 0.1, 0.1, 0.1, 0.1, 0.1]], "top_cpu_wait_io": [[21.8, 24.5, 24.4, 24.4, 23.6, 24.3], [0.0, 0.0, 0.0, 0.0, 0.0, 0.0], [18.5, 21.6, 22.5, 22.0, 21.3, 22.1]], "iotop_disk_read": [[0.0, 0.0, 0.0, 0.0, 0.0, 0.0], [0.0, 0.0, 0.0, 0.0, 0.0, 0.0], [0.0, 0.0, 0.0, 0.0, 0.0, 0.0]], "iotop_disk_write": [[0.0, 2264902.48, 2273527.84, 2270653.84, 2267724.43, 2245752.32], [0.0, 1611925.28, 1612799.9, 1614627.67, 1599043.65, 1610292.77], [0.0, 2229975.53, 2214205.73, 2223939.69, 2211400.18, 2210709.42]], "bmon_rx_Bps": [[0.0, 1553652224.0, 1557180672.0, 1557547264.0, 1547420672.0, 1550511872.0], [0.0, 1554161792.0, 1556831360.0, 1556977920.0, 1546971904.0, 1550683136.0], [0.0, 1555455104.0, 1556851840.0, 1557619968.0, 1547024896.0, 1550439552.0]], "bmon_tx_Bps": [[0.0, 56003980.0, 56210232.0, 56276328.0, 55975688.0, 55995040.0], [0.0, 53513076.0, 53550516.0, 53576284.0, 53342928.0, 53465616.0], [0.0, 58718644.0, 56591556.0, 55971700.0, 57672820.0, 57627396.0]]}}