{"SentMessagesPerSecondMeasurements":[1147316.252939885,1137854.8185055507,1161455.1207504098,1147412.2397830074,1151439.2382210868,1145672.2594267034],"SentBytesPerSecondMeasurements":[114731625.2939885,113785481.85055505,116145512.07504098,114741223.97830074,115143923.82210873,114567225.94267029],"AckMessagesPerSecondMeasurements":[1144696.199046404,1134709.9543826308,1171405.1448481062,1137465.6399309912,1149340.2107252623,1151954.0181614668],"NumLatencyMeasurements":10634,"Latency50Pct":0.077340569,"Latency75Pct":0.108686364,"Latency90Pct":0.144968764,"Latency99Pct":0.226870618,"Latency999Pct":0.35584513,"Latency9999Pct":0.431042957,"MaxPending":15,"Partitions":64,"Connections":64,"MessageSize":100,"MaxBatchSize":524288,"MessagesPerSecondConfigured":1150000}