{"SentMessagesPerSecondMeasurements":[1314231.9621674197,1407557.3801767193,1357835.3372325301,1334313.3245923626,1356151.5214143598,1379049.5111320505],"SentBytesPerSecondMeasurements":[131423196.21674201,140755738.01767188,135783533.723253,133431332.45923623,135615152.14143592,137904951.11320502],"AckMessagesPerSecondMeasurements":[1323652.9173360565,1394972.2654458145,1374593.9671864603,1347401.5635520574,1334715.0293362285,1390567.7546538496],"NumLatencyMeasurements":6833,"Latency50Pct":0.235078091,"Latency75Pct":0.328096166,"Latency90Pct":0.461617574,"Latency99Pct":0.979629082,"Latency999Pct":1.558532183,"Latency9999Pct":2.278871128,"MaxPending":15,"Partitions":64,"Connections":64,"MessageSize":100,"MaxBatchSize":524288,"MessagesPerSecondConfigured":2300000}