{"MessagesPerSecondMeasurements":[1783691.0305833432,1757986.0452246072,1843425.7831366644,1763086.0667014155,1739096.457190146,1798294.8077003597],"BytesPerSecondMeasurements":[178369103.05833423,175798604.52246076,184342578.31366634,176308606.67014143,173909645.7190146,179829480.77003586],"NumLatencyMeasurements":13135,"Latency50Pct":0.060291069,"Latency75Pct":0.084874393,"Latency90Pct":0.141503084,"Latency99Pct":0.269414214,"Latency999Pct":0.371197628,"Latency9999Pct":0.42725612,"Sync":false,"Partitions":64,"Connections":32,"MessageSize":100,"MaxBatchSize":524288,"MessagesPerSecondConfigured":1840000}