{"MessagesPerSecondMeasurements":[440399.2660046998,464903.408917043,469147.0125958945,466385.70757138333,438308.23444531026,469445.23133283795],"BytesPerSecondMeasurements":[44039926.60046995,46490340.8917043,46914701.25958949,46638570.757138334,43830823.444531046,46944523.13328382],"NumLatencyMeasurements":5248,"Latency50Pct":0.064715986,"Latency75Pct":0.082331729,"Latency90Pct":0.101660245,"Latency99Pct":0.129916158,"Latency999Pct":0.148563671,"Latency9999Pct":0.357964759,"Sync":false,"Partitions":64,"Connections":32,"MessageSize":100,"MaxBatchSize":524288,"MessagesPerSecondConfigured":460000}