{"clients": {"top_cpu_user": [[94.9, 90.7, 90.9, 90.6, 91.0, 91.0]], "top_cpu_kernel": [[3.4, 6.9, 6.7, 7.1000000000000005, 6.8, 6.7]], "top_cpu_idle": [[1.6, 2.4, 2.4, 2.3, 2.3, 2.3]], "top_cpu_wait_io": [[0.0, 0.0, 0.0, 0.0, 0.0, 0.0]], "iotop_disk_read": [[0.0, 0.0, 0.0, 0.0, 0.0, 0.0]], "iotop_disk_write": [[0.0, 2.86, 19.59, 0.0, 4.9, 0.0]], "bmon_rx_Bps": [[0.0, 1769128.5, 1851990.38, 1874118.5, 1855938.38, 1822633.38]], "bmon_tx_Bps": [[0.0, 186272464.0, 185319472.0, 195055792.0, 189767696.0, 187277840.0]]}, "broker": {"top_cpu_user": [[3.9, 13.5, 13.5, 14.3, 13.5, 13.4]], "top_cpu_kernel": [[15.5, 48.7, 46.4, 52.300000000000004, 48.4, 47.8]], "top_cpu_idle": [[80.6, 37.7, 40.1, 33.5, 38.1, 38.8]], "top_cpu_wait_io": [[0.0, 0.0, 0.0, 0.0, 0.0, 0.0]], "iotop_disk_read": [[0.0, 0.0, 0.0, 0.0, 0.0, 0.0]], "iotop_disk_write": [[0.0, 0.4, 0.0, 0.0, 17.17, 0.0]], "bmon_rx_Bps": [[0.0, 805238848.0, 800430016.0, 843482624.0, 820385792.0, 809451264.0]], "bmon_tx_Bps": [[0.0, 1247077248.0, 1239733760.0, 1307345152.0, 1271281792.0, 1254109440.0]]}, "log": {"top_cpu_user": [[35.2, 31.3, 31.5, 31.1, 31.1, 31.4], [38.3, 33.6, 34.0, 33.2, 33.6, 33.8], [37.7, 33.6, 34.0, 33.4, 33.6, 33.6]], "top_cpu_kernel": [[18.5, 23.5, 22.799999999999997, 23.700000000000003, 22.7, 22.7], [19.5, 24.7, 23.799999999999997, 25.1, 24.5, 24.5], [20.2, 24.3, 24.3, 25.1, 24.200000000000003, 24.1]], "top_cpu_idle": [[46.3, 45.2, 45.7, 45.1, 46.1, 45.9], [42.2, 41.7, 42.2, 41.7, 41.9, 41.7], [42.1, 42.1, 41.7, 41.5, 42.2, 42.2]], "top_cpu_wait_io": [[0.0, 0.0, 0.0, 0.0, 0.0, 0.0], [0.0, 0.0, 0.0, 0.0, 0.0, 0.0], [0.0, 0.0, 0.0, 0.0, 0.0, 0.0]], "iotop_disk_read": [[0.0, 0.0, 0.0, 0.0, 0.0, 0.0], [0.0, 0.0, 0.0, 0.0, 0.0, 0.0], [0.0, 0.0, 0.0, 0.0, 0.0, 0.0]], "iotop_disk_write": [[0.0, 598718.07, 584699.01, 636060.5, 592504.42, 590207.72], [0.0, 615851.27, 594428.99, 652687.03, 612441.27, 604971.69], [0.0, 607217.4, 589877.94, 640347.19, 603090.23, 602389.1]], "bmon_rx_Bps": [[0.0, 411205376.0, 407773600.0, 429147680.0, 417564416.0, 412037504.0], [0.0, 412453216.0, 407572000.0, 429813440.0, 417821696.0, 412236544.0], [0.0, 413534304.0, 407566560.0, 430409088.0, 417524128.0, 411782592.0]], "bmon_tx_Bps": [[0.0, 210605392.0, 208763616.0, 219708480.0, 213677552.0, 210853200.0], [0.0, 211407968.0, 208785184.0, 220273728.0, 214150144.0, 211289872.0], [0.0, 211817280.0, 208691424.0, 220403328.0, 213785120.0, 210969536.0]]}}