{"MessagesPerSecondMeasurements":[916913.2025857554,921619.2130181356,916091.6558236016,929941.2551744457,910393.2507252069,929428.8289804428],"BytesPerSecondMeasurements":[91691320.25857551,92161921.30181354,91609165.58236016,92994125.5174445,91039325.07252064,92942882.89804435],"NumLatencyMeasurements":10237,"Latency50Pct":0.045349282,"Latency75Pct":0.059504779,"Latency90Pct":0.076082746,"Latency99Pct":0.148108273,"Latency999Pct":0.201545333,"Latency9999Pct":0.261133245,"Sync":false,"Partitions":64,"Connections":32,"MessageSize":100,"MaxBatchSize":524288,"MessagesPerSecondConfigured":920000}