{"clients": {"top_cpu_user": [[94.3, 91.4, 91.5, 91.1, 90.9, 91.1]], "top_cpu_kernel": [[4.4, 6.300000000000001, 6.1, 6.6, 6.699999999999999, 6.6]], "top_cpu_idle": [[1.4, 2.3, 2.3, 2.3, 2.3, 2.3]], "top_cpu_wait_io": [[0.0, 0.0, 0.0, 0.0, 0.0, 0.0]], "iotop_disk_read": [[0.0, 0.0, 0.0, 0.0, 0.0, 0.0]], "iotop_disk_write": [[0.0, 3.68, 0.0, 0.0, 15.52, 2.04]], "bmon_rx_Bps": [[0.0, 1765761.0, 1766265.25, 1820663.25, 1810094.75, 1801053.5]], "bmon_tx_Bps": [[0.0, 172729952.0, 173515488.0, 180527808.0, 186460432.0, 182907744.0]]}, "broker": {"top_cpu_user": [[7.8, 12.7, 12.7, 13.3, 13.4, 13.4]], "top_cpu_kernel": [[21.4, 43.3, 43.3, 46.5, 48.3, 46.5]], "top_cpu_idle": [[70.8, 44.0, 44.0, 40.1, 38.3, 40.2]], "top_cpu_wait_io": [[0.0, 0.0, 0.0, 0.0, 0.0, 0.0]], "iotop_disk_read": [[0.0, 0.0, 0.0, 0.0, 0.0, 0.0]], "iotop_disk_write": [[0.0, 0.4, 0.0, 0.0, 21.17, 0.0]], "bmon_rx_Bps": [[0.0, 746359104.0, 747930048.0, 780588544.0, 806390528.0, 788644352.0]], "bmon_tx_Bps": [[0.0, 1155729152.0, 1157641728.0, 1208999296.0, 1249095168.0, 1220856448.0]]}, "log": {"top_cpu_user": [[34.6, 31.8, 31.8, 31.3, 31.3, 31.3], [36.9, 34.3, 34.3, 34.0, 34.0, 33.8], [36.9, 34.2, 34.2, 34.0, 34.2, 33.8]], "top_cpu_kernel": [[19.1, 22.6, 22.1, 22.9, 23.5, 22.9], [19.8, 23.200000000000003, 23.7, 24.2, 24.200000000000003, 24.0], [21.7, 23.900000000000002, 23.3, 24.299999999999997, 25.1, 23.799999999999997]], "top_cpu_idle": [[46.3, 45.5, 46.0, 45.8, 45.1, 45.8], [43.3, 42.5, 42.0, 41.8, 41.8, 42.3], [41.4, 41.8, 42.5, 41.6, 40.7, 42.4]], "top_cpu_wait_io": [[0.0, 0.0, 0.0, 0.0, 0.0, 0.0], [0.0, 0.0, 0.0, 0.0, 0.0, 0.0], [0.0, 0.0, 0.0, 0.0, 0.0, 0.0]], "iotop_disk_read": [[0.0, 0.0, 0.0, 0.0, 0.0, 0.0], [0.0, 0.0, 0.0, 0.0, 0.0, 0.0], [0.0, 0.0, 0.0, 0.0, 0.0, 0.0]], "iotop_disk_write": [[0.0, 548117.2, 543592.64, 575978.11, 597515.02, 577419.61], [0.0, 554541.7, 556062.63, 593158.56, 605027.79, 592800.2], [0.0, 563655.25, 555630.01, 597123.66, 612528.01, 590682.4]], "bmon_rx_Bps": [[0.0, 379159488.0, 381203200.0, 396918400.0, 410188608.0, 402292736.0], [0.0, 379309920.0, 381443424.0, 396961632.0, 409573248.0, 403019744.0], [0.0, 380491744.0, 381762752.0, 397260160.0, 409727840.0, 404034048.0]], "bmon_tx_Bps": [[0.0, 194105616.0, 195034336.0, 203078784.0, 209969584.0, 205843904.0], [0.0, 194071312.0, 195209040.0, 203344656.0, 209741696.0, 206369072.0], [0.0, 195140608.0, 195642336.0, 203695392.0, 210109376.0, 207004048.0]]}}