{"clients": {"top_cpu_user": [[91.7, 97.7, 97.6, 97.7, 97.8, 97.7]], "top_cpu_kernel": [[7.9, 1.7, 1.9000000000000001, 1.9000000000000001, 1.8, 1.8]], "top_cpu_idle": [[0.4, 0.5, 0.5, 0.5, 0.4, 0.5]], "top_cpu_wait_io": [[0.0, 0.0, 0.0, 0.0, 0.0, 0.0]], "iotop_disk_read": [[0.0, 0.0, 0.0, 0.0, 0.0, 0.0]], "iotop_disk_write": [[0.0, 2.86, 0.0, 0.0, 17.56, 0.0]], "bmon_rx_Bps": [[0.0, 379176.91, 371942.78, 373136.22, 367875.06, 406100.56]], "bmon_tx_Bps": [[0.0, 50016468.0, 50013656.0, 49526648.0, 47740376.0, 49521280.0]]}, "broker": {"top_cpu_user": [[10.7, 3.2, 3.4, 3.4, 3.3, 3.2]], "top_cpu_kernel": [[44.7, 12.799999999999999, 13.3, 13.1, 12.7, 12.5]], "top_cpu_idle": [[44.7, 84.0, 83.3, 83.5, 84.0, 84.3]], "top_cpu_wait_io": [[0.0, 0.0, 0.0, 0.0, 0.0, 0.0]], "iotop_disk_read": [[0.0, 0.0, 0.0, 0.0, 0.0, 0.0]], "iotop_disk_write": [[0.0, 0.4, 0.0, 0.0, 15.98, 0.0]], "bmon_rx_Bps": [[0.0, 217921712.0, 217997664.0, 211618624.0, 210884400.0, 216012304.0]], "bmon_tx_Bps": [[0.0, 337790880.0, 337790080.0, 326324416.0, 327716480.0, 334727584.0]]}, "log": {"top_cpu_user": [[29.6, 34.7, 34.7, 34.7, 34.9, 34.9], [32.4, 37.4, 37.2, 37.1, 37.2, 37.4], [35.8, 37.8, 37.7, 37.8, 37.8, 37.9]], "top_cpu_kernel": [[27.4, 16.5, 16.5, 16.5, 16.4, 16.2], [26.1, 17.8, 18.1, 18.200000000000003, 18.1, 17.7], [22.8, 17.6, 17.8, 17.7, 17.8, 17.5]], "top_cpu_idle": [[43.1, 48.9, 48.8, 48.8, 48.7, 48.9], [41.6, 44.9, 44.7, 44.7, 44.7, 44.8], [41.4, 44.6, 44.5, 44.5, 44.4, 44.6]], "top_cpu_wait_io": [[0.0, 0.0, 0.0, 0.0, 0.0, 0.0], [0.0, 0.0, 0.0, 0.0, 0.0, 0.0], [0.0, 0.0, 0.0, 0.0, 0.0, 0.0]], "iotop_disk_read": [[0.0, 0.0, 0.0, 0.0, 0.0, 0.0], [0.0, 0.0, 0.0, 0.0, 0.0, 0.0], [0.0, 0.0, 0.0, 0.0, 0.0, 0.0]], "iotop_disk_write": [[0.0, 162402.76, 163922.53, 163201.46, 153317.41, 163104.97], [0.0, 158825.92, 166525.73, 165801.18, 160026.65, 159023.27], [0.0, 157331.18, 168646.86, 166813.23, 165869.41, 159571.97]], "bmon_rx_Bps": [[0.0, 110853408.0, 110847592.0, 109249928.0, 105996408.0, 109516048.0], [0.0, 109051384.0, 110462896.0, 110593552.0, 104971280.0, 109250800.0], [0.0, 106640056.0, 109867552.0, 110586008.0, 104789568.0, 109248928.0]], "bmon_tx_Bps": [[0.0, 56986392.0, 56972440.0, 56092384.0, 54506040.0, 56291640.0], [0.0, 56053352.0, 56819928.0, 56854720.0, 54001400.0, 56121920.0], [0.0, 54850820.0, 56548760.0, 56889216.0, 53925896.0, 56216224.0]]}}