{"clients": {"top_cpu_user": [[91.1, 92.8, 93.0, 92.9, 92.9, 93.1]], "top_cpu_kernel": [[6.9, 5.5, 5.4, 5.300000000000001, 5.4, 5.4]], "top_cpu_idle": [[2.0, 1.7, 1.6, 1.7, 1.7, 1.4]], "top_cpu_wait_io": [[0.0, 0.0, 0.0, 0.0, 0.0, 0.0]], "iotop_disk_read": [[0.0, 0.0, 0.0, 0.0, 0.0, 0.0]], "iotop_disk_write": [[0.0, 2.86, 4.89, 0.0, 14.3, 0.0]], "bmon_rx_Bps": [[0.0, 1579640.25, 1576451.5, 1589761.0, 1578371.62, 1572224.25]], "bmon_tx_Bps": [[0.0, 147516848.0, 146351376.0, 148298368.0, 147559200.0, 147770560.0]]}, "broker": {"top_cpu_user": [[11.3, 10.9, 10.8, 11.1, 11.0, 10.7]], "top_cpu_kernel": [[43.0, 35.7, 35.2, 36.1, 36.0, 36.1]], "top_cpu_idle": [[45.7, 53.4, 54.0, 52.8, 53.0, 53.3]], "top_cpu_wait_io": [[0.0, 0.0, 0.0, 0.0, 0.0, 0.0]], "iotop_disk_read": [[0.0, 0.0, 0.0, 0.0, 0.0, 0.0]], "iotop_disk_write": [[0.0, 1.2, 0.0, 0.0, 15.98, 0.8]], "bmon_rx_Bps": [[0.0, 636196800.0, 630491328.0, 639585792.0, 636847552.0, 638219072.0]], "bmon_tx_Bps": [[0.0, 983873088.0, 974777600.0, 989170048.0, 985394816.0, 987839232.0]]}, "log": {"top_cpu_user": [[31.5, 32.1, 32.4, 32.1, 32.2, 32.2], [32.3, 34.8, 34.8, 34.9, 34.7, 34.9], [33.3, 35.0, 35.1, 35.0, 35.0, 35.0]], "top_cpu_kernel": [[24.4, 21.1, 21.1, 21.2, 21.5, 21.200000000000003], [27.1, 22.1, 22.200000000000003, 22.6, 22.0, 22.5], [26.4, 21.9, 21.799999999999997, 22.3, 22.200000000000003, 22.400000000000002]], "top_cpu_idle": [[44.2, 46.7, 46.5, 46.7, 46.3, 46.6], [40.6, 43.1, 43.0, 42.5, 43.2, 42.5], [40.2, 43.0, 43.1, 42.6, 42.8, 42.6]], "top_cpu_wait_io": [[0.0, 0.0, 0.0, 0.0, 0.0, 0.0], [0.0, 0.0, 0.0, 0.0, 0.0, 0.0], [0.0, 0.0, 0.0, 0.0, 0.0, 0.0]], "iotop_disk_read": [[0.0, 0.0, 0.0, 0.0, 0.0, 0.0], [0.0, 0.0, 0.0, 0.0, 0.0, 0.0], [0.0, 0.0, 0.0, 0.0, 0.0, 0.0]], "iotop_disk_write": [[0.0, 475267.55, 466125.21, 476962.39, 470956.22, 473141.12], [0.0, 471852.42, 469982.9, 477322.3, 471789.33, 472171.65], [0.0, 473236.36, 465743.77, 479363.1, 477464.55, 472346.75]], "bmon_rx_Bps": [[0.0, 323958208.0, 321017152.0, 325017088.0, 323898272.0, 323933632.0], [0.0, 324891168.0, 320883520.0, 325017152.0, 323515072.0, 323589632.0], [0.0, 324417472.0, 320906176.0, 324992512.0, 323224064.0, 323205920.0]], "bmon_tx_Bps": [[0.0, 165951072.0, 164412128.0, 166482752.0, 165853968.0, 165875232.0], [0.0, 166388592.0, 164378864.0, 166481408.0, 165600288.0, 165714672.0], [0.0, 166296272.0, 164467920.0, 166619872.0, 165704064.0, 165691904.0]]}}