{"MessagesPerSecondMeasurements":[1376710.9533027604,1355341.2624996342,1359527.7309190985,1416784.1740635158,1368702.608473576,1397471.3485421604],"BytesPerSecondMeasurements":[137671095.33027607,135534126.24996343,135952773.09190983,141678417.40635157,136870260.84735763,139747134.85421595],"NumLatencyMeasurements":13170,"Latency50Pct":0.051215992,"Latency75Pct":0.068149812,"Latency90Pct":0.100295568,"Latency99Pct":0.212289438,"Latency999Pct":0.333441339,"Latency9999Pct":0.429420702,"Sync":false,"Partitions":64,"Connections":32,"MessageSize":100,"MaxBatchSize":524288,"MessagesPerSecondConfigured":1380000}