{"MessagesPerSecondMeasurements":[1596651.6783814789,1634745.2042297313,1705378.4989216626,1791837.2801550494,1676194.570822946,1739098.3991840668],"BytesPerSecondMeasurements":[159665167.8381479,163474520.42297304,170537849.89216626,179183728.01550493,167619457.0822946,173909839.91840664],"NumLatencyMeasurements":12400,"Latency50Pct":0.05892025,"Latency75Pct":0.083313706,"Latency90Pct":0.151944838,"Latency99Pct":0.323421391,"Latency999Pct":0.516706899,"Latency9999Pct":0.684948381,"Sync":false,"Partitions":64,"Connections":32,"MessageSize":100,"MaxBatchSize":524288,"MessagesPerSecondConfigured":2300000}