{"clients": {"top_cpu_user": [[94.6, 95.4, 95.4, 95.5, 95.5, 95.5]], "top_cpu_kernel": [[4.1, 3.6, 3.6, 3.5, 3.6, 3.6]], "top_cpu_idle": [[1.2, 1.0, 1.0, 1.0, 0.9, 0.9]], "top_cpu_wait_io": [[0.0, 0.0, 0.0, 0.0, 0.0, 0.0]], "iotop_disk_read": [[0.0, 0.0, 0.0, 0.0, 0.0, 0.0]], "iotop_disk_write": [[0.0, 2.86, 6.13, 0.0, 17.98, 4.08]], "bmon_rx_Bps": [[0.0, 1019408.06, 1016549.25, 1009784.94, 1039999.0, 1031643.88]], "bmon_tx_Bps": [[0.0, 98758840.0, 98039112.0, 97664336.0, 99433536.0, 97714520.0]]}, "broker": {"top_cpu_user": [[5.8, 7.2, 7.4, 7.3, 7.3, 7.3]], "top_cpu_kernel": [[17.9, 22.5, 22.5, 22.2, 21.9, 22.700000000000003]], "top_cpu_idle": [[76.3, 70.3, 70.0, 70.5, 70.7, 70.0]], "top_cpu_wait_io": [[0.0, 0.0, 0.0, 0.0, 0.0, 0.0]], "iotop_disk_read": [[0.0, 0.0, 0.0, 0.0, 0.0, 0.0]], "iotop_disk_write": [[0.0, 0.8, 0.0, 0.0, 16.38, 0.0]], "bmon_rx_Bps": [[0.0, 425307936.0, 423246784.0, 421558848.0, 428899680.0, 421343488.0]], "bmon_tx_Bps": [[0.0, 656686464.0, 653931392.0, 651471872.0, 662514304.0, 650967168.0]]}, "log": {"top_cpu_user": [[34.2, 33.7, 33.6, 33.8, 33.6, 33.7], [34.0, 36.2, 36.1, 36.1, 36.2, 36.0], [35.1, 36.8, 36.4, 36.3, 36.6, 36.8]], "top_cpu_kernel": [[20.3, 18.6, 18.7, 18.6, 18.6, 18.4], [26.0, 20.1, 20.299999999999997, 20.0, 19.8, 20.1], [24.4, 19.5, 19.5, 19.8, 19.7, 19.6]], "top_cpu_idle": [[45.6, 47.8, 47.7, 47.6, 47.9, 47.9], [40.0, 43.8, 43.6, 43.9, 44.0, 43.8], [40.5, 43.6, 44.1, 43.9, 43.7, 43.6]], "top_cpu_wait_io": [[0.0, 0.0, 0.0, 0.0, 0.0, 0.0], [0.0, 0.0, 0.0, 0.0, 0.0, 0.0], [0.0, 0.0, 0.0, 0.0, 0.0, 0.0]], "iotop_disk_read": [[0.0, 0.0, 0.0, 0.0, 0.0, 0.0], [0.0, 0.0, 0.0, 0.0, 0.0, 0.0], [0.0, 0.0, 0.0, 0.0, 0.0, 0.0]], "iotop_disk_write": [[0.0, 317380.14, 313726.33, 315688.6, 315276.37, 316306.31], [0.0, 321307.67, 317909.63, 318516.09, 317275.14, 321943.15], [0.0, 311442.29, 315607.0, 315402.21, 311375.28, 317652.62]], "bmon_rx_Bps": [[0.0, 217126048.0, 214361344.0, 214747664.0, 217160960.0, 214590016.0], [0.0, 217158992.0, 214056592.0, 216389216.0, 216145280.0, 215520928.0], [0.0, 216487616.0, 214040800.0, 216142016.0, 215595632.0, 216218784.0]], "bmon_tx_Bps": [[0.0, 111248552.0, 109881368.0, 110039160.0, 111364320.0, 109910160.0], [0.0, 111358168.0, 109724216.0, 110896640.0, 110789960.0, 110455904.0], [0.0, 110969016.0, 109745808.0, 110857008.0, 110491088.0, 110818400.0]]}}