{"clients": {"top_cpu_user": [[93.9, 94.9, 95.0, 95.2, 94.9, 95.1]], "top_cpu_kernel": [[4.3, 3.9000000000000004, 3.8, 3.8, 3.8, 3.8]], "top_cpu_idle": [[1.8, 1.1, 1.2, 1.1, 1.2, 1.1]], "top_cpu_wait_io": [[0.0, 0.0, 0.0, 0.0, 0.0, 0.0]], "iotop_disk_read": [[0.0, 0.0, 0.0, 0.0, 0.0, 0.0]], "iotop_disk_write": [[0.0, 7.34, 0.0, 17.15, 4.48, 0.0]], "bmon_rx_Bps": [[0.0, 1327548.38, 1346652.38, 1330586.5, 1343138.0, 1366667.88]], "bmon_tx_Bps": [[0.0, 86736992.0, 86317328.0, 85485856.0, 86516096.0, 85629656.0]]}, "broker": {"top_cpu_user": [[7.3, 6.5, 6.4, 6.5, 6.6, 6.6]], "top_cpu_kernel": [[19.900000000000002, 17.9, 17.9, 17.6, 17.8, 17.599999999999998]], "top_cpu_idle": [[72.8, 75.7, 75.7, 75.9, 75.7, 75.8]], "top_cpu_wait_io": [[0.0, 0.0, 0.0, 0.0, 0.0, 0.0]], "iotop_disk_read": [[0.0, 0.0, 0.0, 0.0, 0.0, 0.0]], "iotop_disk_write": [[0.0, 20.78, 0.0, 4.39, 0.4, 0.0]], "bmon_rx_Bps": [[0.0, 368683328.0, 367145696.0, 366099616.0, 368011744.0, 365366656.0]], "bmon_tx_Bps": [[0.0, 568698176.0, 566247872.0, 565483328.0, 567187072.0, 563639424.0]]}, "log": {"top_cpu_user": [[33.0, 32.1, 32.2, 32.2, 32.4, 32.3], [32.7, 32.1, 32.2, 32.3, 32.2, 32.1], [36.9, 37.7, 37.7, 37.7, 37.7, 37.6]], "top_cpu_kernel": [[16.4, 16.400000000000002, 16.5, 16.8, 16.400000000000002, 16.5], [16.4, 16.2, 16.2, 16.1, 16.2, 16.3], [20.3, 17.7, 17.599999999999998, 18.3, 18.3, 18.2]], "top_cpu_idle": [[50.4, 51.4, 51.3, 51.0, 51.1, 51.2], [51.0, 51.6, 51.6, 51.7, 51.7, 51.6], [42.8, 44.5, 44.6, 44.1, 44.0, 44.2]], "top_cpu_wait_io": [[0.3, 0.0, 0.0, 0.0, 0.0, 0.0], [0.0, 0.0, 0.0, 0.0, 0.0, 0.0], [0.0, 0.0, 0.0, 0.0, 0.0, 0.0]], "iotop_disk_read": [[0.0, 0.0, 0.0, 0.0, 0.0, 0.0], [0.0, 0.0, 0.0, 0.0, 0.0, 0.0], [0.0, 0.0, 0.0, 0.0, 0.0, 0.0]], "iotop_disk_write": [[0.0, 256993.03, 253415.87, 262583.21, 261865.51, 264529.79], [0.0, 265793.93, 264162.76, 261609.1, 263455.36, 265297.38], [0.0, 242473.96, 242952.25, 245350.36, 247014.94, 244565.1]], "bmon_rx_Bps": [[0.0, 187198224.0, 186466144.0, 185969088.0, 186982640.0, 185653088.0], [0.0, 187034976.0, 186233344.0, 185464096.0, 186601728.0, 185118784.0], [0.0, 187202304.0, 186725648.0, 185897312.0, 186423232.0, 185881248.0]], "bmon_tx_Bps": [[0.0, 95395832.0, 95023008.0, 94892608.0, 95450096.0, 94771456.0], [0.0, 95728864.0, 95320424.0, 94889416.0, 95522496.0, 94827584.0], [0.0, 95196720.0, 95002096.0, 94629136.0, 94961184.0, 94591336.0]]}}