{"clients": {"top_cpu_user": [[96.7, 96.6, 96.6, 96.6, 96.6, 96.7]], "top_cpu_kernel": [[3.3000000000000003, 3.0, 3.0, 3.0, 3.0, 3.0]], "top_cpu_idle": [[0.0, 0.4, 0.3, 0.4, 0.4, 0.4]], "top_cpu_wait_io": [[0.0, 0.0, 0.0, 0.0, 0.0, 0.0]], "iotop_disk_read": [[0.0, 0.0, 0.0, 0.0, 0.0, 0.0]], "iotop_disk_write": [[0.0, 2.45, 0.0, 0.0, 16.75, 0.0]], "bmon_rx_Bps": [[0.0, 36366.79, 36122.21, 35957.74, 36060.07, 35849.13]], "bmon_tx_Bps": [[0.0, 101753968.0, 102863312.0, 102255056.0, 101879520.0, 102701912.0]]}, "broker": {"top_cpu_user": [[7.0, 7.1, 7.2, 7.3, 7.1, 7.3]], "top_cpu_kernel": [[22.9, 20.0, 19.9, 19.9, 20.0, 20.0]], "top_cpu_idle": [[70.1, 72.8, 72.8, 72.8, 72.8, 72.7]], "top_cpu_wait_io": [[0.0, 0.0, 0.0, 0.0, 0.0, 0.0]], "iotop_disk_read": [[0.0, 0.0, 0.0, 0.0, 0.0, 0.0]], "iotop_disk_write": [[0.0, 1.2, 0.0, 0.0, 24.78, 0.0]], "bmon_rx_Bps": [[0.0, 445259200.0, 449875200.0, 447434432.0, 445903424.0, 449179008.0]], "bmon_tx_Bps": [[0.0, 691553472.0, 698531264.0, 694876608.0, 692700544.0, 697665664.0]]}, "log": {"top_cpu_user": [[31.4, 31.9, 31.9, 31.9, 32.4, 32.4], [32.3, 32.1, 32.1, 32.2, 32.3, 32.2], [39.3, 37.9, 38.0, 38.0, 37.8, 37.9]], "top_cpu_kernel": [[17.9, 16.0, 16.1, 16.2, 15.6, 15.6], [16.3, 15.399999999999999, 15.8, 15.8, 15.8, 15.700000000000001], [18.3, 18.1, 18.2, 18.3, 18.5, 18.4]], "top_cpu_idle": [[50.4, 52.1, 52.1, 51.9, 52.0, 52.0], [51.1, 52.5, 52.2, 52.0, 52.0, 52.1], [42.4, 44.0, 43.7, 43.7, 43.7, 43.7]], "top_cpu_wait_io": [[0.3, 0.0, 0.0, 0.0, 0.0, 0.0], [0.3, 0.0, 0.0, 0.0, 0.0, 0.0], [0.0, 0.0, 0.0, 0.0, 0.0, 0.0]], "iotop_disk_read": [[0.0, 0.0, 0.0, 0.0, 0.0, 0.0], [0.0, 0.0, 0.0, 0.0, 0.0, 0.0], [0.0, 0.0, 0.0, 0.0, 0.0, 0.0]], "iotop_disk_write": [[0.0, 288849.38, 290956.27, 293453.7, 289397.78, 293102.01], [0.0, 293578.15, 300353.84, 294204.19, 293675.35, 296626.3], [0.0, 272467.34, 274327.81, 274318.84, 272445.69, 275926.58]], "bmon_rx_Bps": [[0.0, 228197328.0, 230481040.0, 229286944.0, 228515744.0, 230239936.0], [0.0, 228365312.0, 230720416.0, 229501248.0, 228707840.0, 230440224.0], [0.0, 228071744.0, 230461920.0, 229207104.0, 228388496.0, 230187360.0]], "bmon_tx_Bps": [[0.0, 115828960.0, 116965176.0, 116470560.0, 116043784.0, 116906320.0], [0.0, 116702024.0, 117962192.0, 117303248.0, 116775392.0, 117660008.0], [0.0, 114924256.0, 116126936.0, 115524072.0, 115117032.0, 116032552.0]]}}