{"clients": {"top_cpu_user": [[90.3, 96.9, 97.1, 97.0, 97.0, 96.9]], "top_cpu_kernel": [[7.2, 2.3, 2.2, 2.2, 2.3, 2.3]], "top_cpu_idle": [[2.5, 0.8, 0.7, 0.7, 0.8, 0.8]], "top_cpu_wait_io": [[0.0, 0.0, 0.0, 0.0, 0.0, 0.0]], "iotop_disk_read": [[0.0, 0.0, 0.0, 0.0, 0.0, 0.0]], "iotop_disk_write": [[0.0, 9.78, 0.0, 0.0, 28.56, 3.67]], "bmon_rx_Bps": [[0.0, 710792.44, 693570.25, 671594.94, 683394.06, 674241.81]], "bmon_tx_Bps": [[0.0, 43527556.0, 43516052.0, 43438288.0, 43452492.0, 43465312.0]]}, "broker": {"top_cpu_user": [[5.2, 3.1, 3.1, 3.1, 3.1, 3.1]], "top_cpu_kernel": [[11.6, 8.7, 8.6, 8.6, 8.700000000000001, 8.799999999999999]], "top_cpu_idle": [[83.2, 88.2, 88.3, 88.3, 88.1, 88.1]], "top_cpu_wait_io": [[0.0, 0.0, 0.0, 0.0, 0.0, 0.0]], "iotop_disk_read": [[0.0, 0.0, 0.0, 0.0, 0.0, 0.0]], "iotop_disk_write": [[0.0, 0.0, 0.0, 0.0, 16.78, 0.0]], "bmon_rx_Bps": [[0.0, 184487184.0, 184537760.0, 183987648.0, 183216128.0, 182576992.0]], "bmon_tx_Bps": [[0.0, 284956192.0, 285103008.0, 284132608.0, 282291712.0, 281277856.0]]}, "log": {"top_cpu_user": [[33.6, 33.2, 33.1, 33.2, 33.1, 33.2], [33.9, 33.1, 33.0, 33.0, 32.9, 32.9], [38.1, 38.4, 38.4, 38.4, 38.5, 38.3]], "top_cpu_kernel": [[15.3, 13.9, 14.0, 14.1, 14.200000000000001, 13.9], [15.3, 13.899999999999999, 14.0, 14.0, 14.100000000000001, 14.3], [20.3, 17.099999999999998, 17.0, 17.0, 16.9, 17.0]], "top_cpu_idle": [[50.8, 52.9, 52.9, 52.8, 52.8, 52.8], [50.8, 53.0, 52.9, 53.0, 53.0, 52.8], [41.7, 44.6, 44.6, 44.5, 44.6, 44.6]], "top_cpu_wait_io": [[0.3, 0.0, 0.0, 0.0, 0.0, 0.0], [0.0, 0.0, 0.0, 0.0, 0.0, 0.0], [0.0, 0.0, 0.0, 0.0, 0.0, 0.0]], "iotop_disk_read": [[0.0, 0.0, 0.0, 0.0, 0.0, 0.0], [0.0, 0.0, 0.0, 0.0, 0.0, 0.0], [0.0, 0.0, 0.0, 0.0, 0.0, 0.0]], "iotop_disk_write": [[0.0, 117219.37, 117208.49, 117120.82, 118842.89, 116926.35], [0.0, 130481.48, 135118.52, 132399.44, 134730.43, 139306.53], [0.0, 119600.01, 120366.11, 121951.3, 122501.29, 119637.52]], "bmon_rx_Bps": [[0.0, 93611560.0, 93659240.0, 93627704.0, 93173952.0, 92491616.0], [0.0, 94025992.0, 94113184.0, 94101544.0, 93884600.0, 93141600.0], [0.0, 92628528.0, 93318944.0, 93519144.0, 93577840.0, 93033520.0]], "bmon_tx_Bps": [[0.0, 47531664.0, 47515204.0, 47506040.0, 47337928.0, 46946944.0], [0.0, 47949904.0, 48038924.0, 48011468.0, 47957612.0, 47598900.0], [0.0, 47136016.0, 47482308.0, 47598328.0, 47644056.0, 47325336.0]]}}