{"SentMessagesPerSecondMeasurements":[602971.2315409805,602896.6859342807,603078.7921974704,590187.806458564,599678.4778231474,603367.7144069677],"SentBytesPerSecondMeasurements":[60297123.15409805,60289668.59342808,60307879.21974703,59018780.6458564,59967847.782314725,60336771.44069678],"AckMessagesPerSecondMeasurements":[598261.1470960833,596615.9231666622,599937.9291699429,600664.6497683991,603344.6914090523,601272.8687761083],"NumLatencyMeasurements":6863,"Latency50Pct":0.108108564,"Latency75Pct":0.142901435,"Latency90Pct":0.168806689,"Latency99Pct":0.201258471,"Latency999Pct":0.214056153,"Latency9999Pct":0.251617515,"MaxPending":30,"Partitions":4,"Connections":32,"MessageSize":100,"MaxBatchSize":524288,"MessagesPerSecondConfigured":600000}