{"clients": {"top_cpu_user": [[98.4, 98.2, 98.2, 98.1, 98.2, 98.3]], "top_cpu_kernel": [[1.0, 1.3, 1.3, 1.4, 1.3, 1.3]], "top_cpu_idle": [[0.6, 0.4, 0.4, 0.5, 0.5, 0.4]], "top_cpu_wait_io": [[0.0, 0.0, 0.0, 0.0, 0.0, 0.0]], "iotop_disk_read": [[0.0, 0.0, 0.0, 0.0, 0.0, 0.0]], "iotop_disk_write": [[0.0, 2.04, 4.48, 1.23, 19.15, 0.0]], "bmon_rx_Bps": [[0.0, 350613.91, 340038.53, 335406.0, 337040.19, 327334.12]], "bmon_tx_Bps": [[0.0, 21768134.0, 21752890.0, 21760092.0, 21295760.0, 21586930.0]]}, "broker": {"top_cpu_user": [[0.0, 1.6, 1.7, 1.6, 1.6, 1.6]], "top_cpu_kernel": [[1.2, 4.3999999999999995, 4.3, 4.3999999999999995, 4.3, 4.3999999999999995]], "top_cpu_idle": [[98.8, 94.0, 93.9, 94.0, 94.0, 94.0]], "top_cpu_wait_io": [[0.0, 0.0, 0.0, 0.0, 0.0, 0.0]], "iotop_disk_read": [[0.0, 0.0, 0.0, 0.0, 0.0, 0.0]], "iotop_disk_write": [[0.0, 0.0, 0.0, 0.0, 16.38, 0.0]], "bmon_rx_Bps": [[0.0, 92164440.0, 92201456.0, 92172536.0, 89772640.0, 90665032.0]], "bmon_tx_Bps": [[0.0, 142410208.0, 142463024.0, 142343744.0, 138442752.0, 139625600.0]]}, "log": {"top_cpu_user": [[34.4, 33.3, 33.3, 33.4, 33.1, 33.0], [34.1, 33.2, 33.2, 33.2, 33.1, 33.1], [38.8, 38.6, 38.5, 38.7, 38.5, 38.6]], "top_cpu_kernel": [[12.8, 13.1, 13.1, 13.0, 13.299999999999999, 13.5], [13.0, 13.1, 13.1, 13.1, 13.2, 13.2], [17.0, 16.3, 16.3, 16.0, 16.3, 16.2]], "top_cpu_idle": [[52.8, 53.6, 53.6, 53.6, 53.6, 53.6], [52.9, 53.7, 53.7, 53.7, 53.7, 53.7], [44.1, 45.2, 45.2, 45.2, 45.2, 45.2]], "top_cpu_wait_io": [[0.0, 0.0, 0.0, 0.0, 0.0, 0.0], [0.0, 0.0, 0.0, 0.0, 0.0, 0.0], [0.0, 0.0, 0.0, 0.0, 0.0, 0.0]], "iotop_disk_read": [[0.0, 0.0, 0.0, 0.0, 0.0, 0.0], [0.0, 0.0, 0.0, 0.0, 0.0, 0.0], [0.0, 0.0, 0.0, 0.0, 0.0, 0.0]], "iotop_disk_write": [[0.0, 57532.52, 59008.41, 59198.57, 60294.54, 60371.02], [0.0, 58349.19, 61600.72, 58922.94, 60235.65, 59496.5], [0.0, 60326.33, 58952.82, 58896.44, 59302.74, 60350.84]], "bmon_rx_Bps": [[0.0, 46880896.0, 46931156.0, 46935212.0, 46058684.0, 46248004.0], [0.0, 46813372.0, 46843844.0, 46817184.0, 46151148.0, 46361464.0], [0.0, 46853400.0, 46824232.0, 46757176.0, 46431688.0, 46548728.0]], "bmon_tx_Bps": [[0.0, 23757118.0, 23805442.0, 23814906.0, 23415792.0, 23507030.0], [0.0, 23887370.0, 23957286.0, 23912026.0, 23578798.0, 23684288.0], [0.0, 23827994.0, 23758404.0, 23737584.0, 23576540.0, 23635296.0]]}}