{"SentMessagesPerSecondMeasurements":[201077.1028408046,200859.07280370034,201105.73355086544,201171.80085767704,201208.81520984252,195332.2351622166],"SentBytesPerSecondMeasurements":[20107710.28408046,20085907.280370034,20110573.35508654,20117180.085767705,20120881.52098425,19533223.516221657],"AckMessagesPerSecondMeasurements":[201077.1028408046,200859.07280370034,201105.73355086544,201171.80085767704,201208.81520984252,193760.63470258028],"NumLatencyMeasurements":2290,"Latency50Pct":0.117078085,"Latency75Pct":0.162111848,"Latency90Pct":0.190245101,"Latency99Pct":0.210461469,"Latency999Pct":0.217932985,"Latency9999Pct":0.221702618,"MaxPending":30,"Partitions":4,"Connections":32,"MessageSize":100,"MaxBatchSize":524288,"MessagesPerSecondConfigured":200000}