{"SentMessagesPerSecondMeasurements":[391782.8434720152,395514.5404452793,402372.62113690784,402037.12777489645,402481.71207657026,402505.04373910924],"SentBytesPerSecondMeasurements":[39178284.347201504,39551454.04452794,40237262.113690786,40203712.777489655,40248171.207657024,40250504.37391092],"AckMessagesPerSecondMeasurements":[400163.32623818493,401792.9834134122,402372.62113690784,402037.12777489645,402481.71207657026,398311.9996186866],"NumLatencyMeasurements":4568,"Latency50Pct":0.119748599,"Latency75Pct":0.156673774,"Latency90Pct":0.18098738,"Latency99Pct":0.204550809,"Latency999Pct":0.220628672,"Latency9999Pct":0.235651806,"MaxPending":30,"Partitions":4,"Connections":32,"MessageSize":100,"MaxBatchSize":524288,"MessagesPerSecondConfigured":400000}