{"SentMessagesPerSecondMeasurements":[801253.0180130119,803331.0460440249,804246.291813143,796334.3852400779,797298.9230415793,802745.2830017597],"SentBytesPerSecondMeasurements":[80125301.80130118,80333104.60440251,80424629.1813143,79633438.52400777,79729892.30415791,80274528.30017596],"AckMessagesPerSecondMeasurements":[801777.140104654,797569.9874869261,797958.8932536484,801574.7202358496,803061.7951543349,795941.6506983916],"NumLatencyMeasurements":8872,"Latency50Pct":0.0975929,"Latency75Pct":0.129329957,"Latency90Pct":0.155938791,"Latency99Pct":0.199644653,"Latency999Pct":0.25462899,"Latency9999Pct":0.355730617,"MaxPending":30,"Partitions":4,"Connections":32,"MessageSize":100,"MaxBatchSize":524288,"MessagesPerSecondConfigured":800000}