{"clients": {"top_cpu_user": [[96.3, 96.2, 96.0, 96.2, 96.1, 96.1]], "top_cpu_kernel": [[3.6999999999999997, 3.3, 3.4, 3.3, 3.4, 3.4]], "top_cpu_idle": [[0.0, 0.5, 0.5, 0.5, 0.5, 0.5]], "top_cpu_wait_io": [[0.0, 0.0, 0.0, 0.0, 0.0, 0.0]], "iotop_disk_read": [[0.0, 0.0, 0.0, 0.0, 0.0, 0.0]], "iotop_disk_write": [[0.0, 6.94, 0.0, 0.0, 21.22, 0.0]], "bmon_rx_Bps": [[0.0, 423483.41, 442731.91, 406673.91, 437461.5, 415020.72]], "bmon_tx_Bps": [[0.0, 101005560.0, 102327520.0, 101775376.0, 102489440.0, 102465064.0]]}, "broker": {"top_cpu_user": [[7.7, 7.2, 7.4, 7.3, 7.4, 7.4]], "top_cpu_kernel": [[23.2, 20.4, 20.400000000000002, 20.400000000000002, 20.3, 20.4]], "top_cpu_idle": [[69.0, 72.4, 72.2, 72.3, 72.3, 72.3]], "top_cpu_wait_io": [[0.0, 0.0, 0.0, 0.0, 0.0, 0.0]], "iotop_disk_read": [[0.0, 0.0, 0.0, 0.0, 0.0, 0.0]], "iotop_disk_write": [[0.0, 0.0, 0.0, 0.0, 17.18, 0.0]], "bmon_rx_Bps": [[0.0, 436940160.0, 440958336.0, 439875936.0, 440942720.0, 441246912.0]], "bmon_tx_Bps": [[0.0, 678110016.0, 683580224.0, 682541952.0, 683069504.0, 683887936.0]]}, "log": {"top_cpu_user": [[34.2, 32.9, 32.9, 33.0, 32.9, 32.8], [32.3, 32.6, 32.7, 32.6, 32.5, 32.6], [38.5, 38.1, 37.9, 38.0, 37.8, 38.0]], "top_cpu_kernel": [[15.7, 15.7, 15.6, 15.7, 15.8, 16.1], [16.7, 15.799999999999999, 16.3, 16.4, 16.2, 16.4], [20.5, 19.2, 19.5, 19.4, 19.4, 19.3]], "top_cpu_idle": [[50.1, 51.3, 51.5, 51.3, 51.3, 51.1], [51.0, 51.7, 51.1, 51.0, 51.3, 51.0], [41.0, 42.8, 42.6, 42.6, 42.7, 42.7]], "top_cpu_wait_io": [[0.0, 0.0, 0.0, 0.0, 0.0, 0.0], [0.0, 0.0, 0.0, 0.0, 0.0, 0.0], [0.0, 0.0, 0.0, 0.0, 0.0, 0.0]], "iotop_disk_read": [[0.0, 0.0, 0.0, 0.0, 0.0, 0.0], [0.0, 0.0, 0.0, 0.0, 0.0, 0.0], [0.0, 0.0, 0.0, 0.0, 0.0, 0.0]], "iotop_disk_write": [[0.0, 277621.78, 277098.06, 281009.89, 277491.73, 277570.56], [0.0, 279397.33, 282046.98, 279718.44, 280873.89, 281060.19], [0.0, 272544.56, 279135.5, 275594.29, 277720.73, 277410.24]], "bmon_rx_Bps": [[0.0, 223616096.0, 225541312.0, 225167792.0, 225475472.0, 225680128.0], [0.0, 223369056.0, 225271104.0, 224862064.0, 225057472.0, 225296720.0], [0.0, 223589264.0, 225551872.0, 225164400.0, 225374976.0, 225610688.0]], "bmon_tx_Bps": [[0.0, 113184528.0, 114086000.0, 113934672.0, 114082560.0, 114150736.0], [0.0, 113529408.0, 114475288.0, 114213880.0, 114297392.0, 114449120.0], [0.0, 113249472.0, 114342304.0, 114132592.0, 114262176.0, 114356136.0]]}}