{"clients": {"top_cpu_user": [[96.0, 95.9, 95.9, 96.0, 96.0, 96.0]], "top_cpu_kernel": [[2.8, 3.1, 3.1, 3.1, 3.1, 2.9]], "top_cpu_idle": [[1.2, 1.0, 1.0, 0.9, 1.0, 1.0]], "top_cpu_wait_io": [[0.0, 0.0, 0.0, 0.0, 0.0, 0.0]], "iotop_disk_read": [[0.0, 0.0, 0.0, 0.0, 0.0, 0.0]], "iotop_disk_write": [[0.0, 6.93, 0.0, 0.0, 17.95, 0.0]], "bmon_rx_Bps": [[0.0, 1099282.25, 1070049.25, 1091600.25, 1100488.5, 1092246.62]], "bmon_tx_Bps": [[0.0, 65508648.0, 63886400.0, 64786640.0, 64953960.0, 64798816.0]]}, "broker": {"top_cpu_user": [[5.2, 4.9, 4.9, 4.8, 4.9, 4.9]], "top_cpu_kernel": [[14.8, 13.4, 13.4, 13.6, 13.200000000000001, 13.5]], "top_cpu_idle": [[80.0, 81.6, 81.7, 81.6, 81.9, 81.7]], "top_cpu_wait_io": [[0.0, 0.0, 0.0, 0.0, 0.0, 0.0]], "iotop_disk_read": [[0.0, 0.0, 0.0, 0.0, 0.0, 0.0]], "iotop_disk_write": [[0.0, 0.0, 0.0, 0.0, 17.58, 0.0]], "bmon_rx_Bps": [[0.0, 275074112.0, 273937056.0, 275877824.0, 274920992.0, 274270752.0]], "bmon_tx_Bps": [[0.0, 423886048.0, 425030688.0, 427116864.0, 424856896.0, 423905152.0]]}, "log": {"top_cpu_user": [[33.4, 32.3, 32.5, 32.4, 32.7, 32.7], [33.7, 32.7, 32.9, 33.0, 32.9, 33.0], [38.4, 38.2, 38.0, 38.2, 38.0, 38.0]], "top_cpu_kernel": [[14.700000000000001, 15.5, 15.299999999999999, 15.3, 15.0, 14.8], [14.9, 15.1, 15.0, 14.8, 15.0, 14.9], [19.299999999999997, 18.3, 18.4, 18.2, 18.5, 18.4]], "top_cpu_idle": [[51.9, 52.2, 52.2, 52.3, 52.3, 52.5], [51.4, 52.2, 52.2, 52.2, 52.1, 52.2], [42.3, 43.6, 43.6, 43.6, 43.5, 43.6]], "top_cpu_wait_io": [[0.0, 0.0, 0.0, 0.0, 0.0, 0.0], [0.0, 0.0, 0.0, 0.0, 0.0, 0.0], [0.0, 0.0, 0.0, 0.0, 0.0, 0.0]], "iotop_disk_read": [[0.0, 0.0, 0.0, 0.0, 0.0, 0.0], [0.0, 0.0, 0.0, 0.0, 0.0, 0.0], [0.0, 0.0, 0.0, 0.0, 0.0, 0.0]], "iotop_disk_write": [[0.0, 188896.87, 179694.88, 183396.28, 184527.34, 184898.66], [0.0, 172187.81, 170041.25, 169393.48, 170150.44, 170692.7], [0.0, 186295.28, 184423.32, 185056.23, 186615.88, 187000.98]], "bmon_rx_Bps": [[0.0, 139828848.0, 139446176.0, 140505600.0, 140383072.0, 139662832.0], [0.0, 139696992.0, 138987504.0, 139992608.0, 140390400.0, 139628960.0], [0.0, 140218560.0, 139124128.0, 139382704.0, 140366016.0, 140224352.0]], "bmon_tx_Bps": [[0.0, 71176392.0, 70844288.0, 71421288.0, 71351096.0, 70972152.0], [0.0, 70890208.0, 70512208.0, 70993696.0, 71179536.0, 70777568.0], [0.0, 71441384.0, 70890424.0, 71033248.0, 71603000.0, 71486256.0]]}}