{"clients": {"top_cpu_user": [[93.5, 95.4, 95.6, 95.7, 95.8, 95.9]], "top_cpu_kernel": [[4.5, 3.7, 3.7, 3.5999999999999996, 3.7, 3.7]], "top_cpu_idle": [[2.0, 0.9, 0.7, 0.6, 0.5, 0.4]], "top_cpu_wait_io": [[0.0, 0.0, 0.0, 0.0, 0.0, 0.0]], "iotop_disk_read": [[0.0, 0.0, 0.0, 0.0, 0.0, 0.0]], "iotop_disk_write": [[0.0, 6.94, 0.0, 14.28, 1.23, 0.0]], "bmon_rx_Bps": [[0.0, 1584389.12, 1597173.88, 1611815.0, 1626572.25, 1637860.75]], "bmon_tx_Bps": [[0.0, 928118080.0, 929268544.0, 928486592.0, 928899328.0, 928443520.0]]}, "broker": {"top_cpu_user": [[6.6, 6.6, 6.6, 6.8, 6.6, 6.6]], "top_cpu_kernel": [[20.299999999999997, 16.2, 16.2, 16.1, 16.2, 16.0]], "top_cpu_idle": [[73.0, 77.3, 77.2, 77.1, 77.2, 77.4]], "top_cpu_wait_io": [[0.0, 0.0, 0.0, 0.0, 0.0, 0.0]], "iotop_disk_read": [[0.0, 0.0, 0.0, 0.0, 0.0, 0.0]], "iotop_disk_write": [[0.0, 0.0, 0.0, 0.0, 16.78, 0.0]], "bmon_rx_Bps": [[0.0, 1020396992.0, 1021034560.0, 1018800896.0, 1020473152.0, 1019574400.0]], "bmon_tx_Bps": [[0.0, 2879577344.0, 2879438336.0, 2877391360.0, 2880539392.0, 2878027520.0]]}, "log": {"top_cpu_user": [[38.1, 37.3, 37.3, 37.5, 37.2, 37.3], [34.5, 33.8, 33.7, 33.9, 33.7, 33.8], [37.0, 35.9, 35.6, 35.9, 35.6, 35.6]], "top_cpu_kernel": [[23.9, 22.599999999999998, 22.599999999999998, 22.3, 22.5, 22.3], [19.2, 18.7, 18.7, 18.6, 18.7, 18.7], [21.8, 20.8, 20.1, 20.8, 20.299999999999997, 20.4]], "top_cpu_idle": [[36.4, 38.0, 38.7, 39.4, 39.5, 39.6], [46.2, 47.5, 47.5, 47.6, 47.6, 47.4], [41.2, 43.3, 44.2, 43.3, 44.1, 44.0]], "top_cpu_wait_io": [[1.7, 2.0, 1.4, 0.9, 0.8, 0.8], [0.0, 0.0, 0.0, 0.0, 0.0, 0.0], [0.0, 0.0, 0.0, 0.0, 0.0, 0.0]], "iotop_disk_read": [[0.0, 0.0, 0.0, 0.0, 0.0, 0.0], [0.0, 0.0, 0.0, 0.0, 0.0, 0.0], [0.0, 0.0, 0.0, 0.0, 0.0, 0.0]], "iotop_disk_write": [[0.0, 1354569.59, 1338323.98, 1308801.89, 1318064.13, 1319611.42], [0.0, 991259.75, 992039.43, 991249.17, 990737.51, 992059.04], [0.0, 990444.75, 992234.14, 990929.24, 992544.63, 991944.97]], "bmon_rx_Bps": [[0.0, 956539200.0, 956620544.0, 957437888.0, 956567616.0, 956320064.0], [0.0, 956319168.0, 956300544.0, 957100288.0, 955955136.0, 956560640.0], [0.0, 956715392.0, 955706112.0, 957173440.0, 956981824.0, 957264064.0]], "bmon_tx_Bps": [[0.0, 32101458.0, 32101008.0, 32085852.0, 32088212.0, 32000904.0], [0.0, 32163362.0, 32162300.0, 32221228.0, 32125040.0, 32106108.0], [0.0, 32049610.0, 32013174.0, 32120646.0, 32129874.0, 32085476.0]]}}