{"clients": {"top_cpu_user": [[96.2, 97.6, 97.7, 97.7, 97.9, 97.9]], "top_cpu_kernel": [[2.4, 1.9, 1.9, 2.0, 1.7999999999999998, 1.9]], "top_cpu_idle": [[1.4, 0.6, 0.4, 0.3, 0.3, 0.2]], "top_cpu_wait_io": [[0.0, 0.0, 0.0, 0.0, 0.0, 0.0]], "iotop_disk_read": [[0.0, 0.0, 0.0, 0.0, 0.0, 0.0]], "iotop_disk_write": [[0.0, 2.45, 0.0, 0.0, 18.75, 1.22]], "bmon_rx_Bps": [[0.0, 720965.75, 746272.38, 754471.88, 743580.0, 744646.06]], "bmon_tx_Bps": [[0.0, 464012672.0, 464612256.0, 464506976.0, 463170496.0, 463797184.0]]}, "broker": {"top_cpu_user": [[4.4, 3.4, 3.5, 3.5, 3.5, 3.5]], "top_cpu_kernel": [[10.6, 8.3, 8.2, 8.1, 8.299999999999999, 8.1]], "top_cpu_idle": [[85.0, 88.3, 88.3, 88.5, 88.3, 88.4]], "top_cpu_wait_io": [[0.0, 0.0, 0.0, 0.0, 0.0, 0.0]], "iotop_disk_read": [[0.0, 0.0, 0.0, 0.0, 0.0, 0.0]], "iotop_disk_write": [[0.0, 0.0, 0.0, 0.0, 16.78, 0.0]], "bmon_rx_Bps": [[0.0, 510143552.0, 510681600.0, 510626656.0, 509522112.0, 510061664.0]], "bmon_tx_Bps": [[0.0, 1438722432.0, 1438673792.0, 1438746112.0, 1438512128.0, 1438591872.0]]}, "log": {"top_cpu_user": [[38.5, 38.1, 38.4, 38.4, 38.3, 38.1], [36.0, 35.3, 35.3, 35.2, 35.3, 35.4], [38.6, 37.3, 37.5, 37.2, 37.4, 37.4]], "top_cpu_kernel": [[18.9, 17.6, 17.7, 17.7, 17.8, 18.0], [19.7, 18.0, 18.1, 18.1, 18.0, 17.9], [18.299999999999997, 18.3, 18.2, 18.4, 18.2, 18.4]], "top_cpu_idle": [[42.7, 44.2, 44.0, 43.9, 43.9, 43.9], [43.8, 46.0, 45.7, 45.9, 46.0, 45.9], [43.1, 44.5, 44.4, 44.4, 44.4, 44.3]], "top_cpu_wait_io": [[0.0, 0.0, 0.0, 0.0, 0.0, 0.0], [0.6, 0.7, 0.8, 0.7, 0.6, 0.7], [0.0, 0.0, 0.0, 0.0, 0.0, 0.0]], "iotop_disk_read": [[0.0, 0.0, 0.0, 0.0, 0.0, 0.0], [0.0, 0.0, 0.0, 0.0, 0.0, 0.0], [0.0, 0.0, 0.0, 0.0, 0.0, 0.0]], "iotop_disk_write": [[0.0, 496260.35, 496066.03, 495785.83, 495907.14, 496001.1], [0.0, 722937.68, 736959.22, 732329.17, 723008.58, 726193.73], [0.0, 494443.09, 496121.36, 496216.67, 495752.96, 495403.0]], "bmon_rx_Bps": [[0.0, 478235968.0, 478241536.0, 478224320.0, 478235648.0, 479499232.0], [0.0, 478139072.0, 478131648.0, 478120128.0, 478924672.0, 478281344.0], [0.0, 478569376.0, 478556224.0, 478276032.0, 478211456.0, 478197664.0]], "bmon_tx_Bps": [[0.0, 16071243.0, 16118715.0, 16102962.0, 16116546.0, 16177774.0], [0.0, 16474536.0, 16542268.0, 16521296.0, 16500716.0, 16497619.0], [0.0, 16084057.0, 16134014.0, 16120098.0, 16124438.0, 16149408.0]]}}