{"clients": {"top_cpu_user": [[95.1, 96.3, 96.4, 96.4, 96.4, 96.5]], "top_cpu_kernel": [[4.1, 3.1, 3.0, 3.1, 3.0, 3.0]], "top_cpu_idle": [[0.8, 0.6, 0.5, 0.5, 0.5, 0.5]], "top_cpu_wait_io": [[0.0, 0.0, 0.0, 0.0, 0.0, 0.0]], "iotop_disk_read": [[0.0, 0.0, 0.0, 0.0, 0.0, 0.0]], "iotop_disk_write": [[0.0, 8.99, 0.0, 0.0, 20.8, 0.0]], "bmon_rx_Bps": [[0.0, 497181.12, 500723.53, 494712.81, 494594.0, 496394.69]], "bmon_tx_Bps": [[0.0, 1058860672.0, 1058876928.0, 1058572864.0, 1058707840.0, 1058523008.0]]}, "broker": {"top_cpu_user": [[9.9, 7.9, 7.8, 7.8, 7.9, 7.9]], "top_cpu_kernel": [[23.0, 21.799999999999997, 22.0, 21.9, 21.799999999999997, 21.799999999999997]], "top_cpu_idle": [[67.1, 70.2, 70.3, 70.3, 70.3, 70.3]], "top_cpu_wait_io": [[0.0, 0.0, 0.0, 0.0, 0.0, 0.0]], "iotop_disk_read": [[0.0, 0.0, 0.0, 0.0, 0.0, 0.0]], "iotop_disk_write": [[0.0, 33.56, 0.0, 3.2, 1.2, 0.0]], "bmon_rx_Bps": [[0.0, 1164833536.0, 1164121344.0, 1164921472.0, 1164172672.0, 1164302592.0]], "bmon_tx_Bps": [[0.0, 3282091264.0, 3282042112.0, 3282570752.0, 3282630144.0, 3282424320.0]]}, "log": {"top_cpu_user": [[37.5, 38.2, 38.2, 38.3, 38.2, 38.1], [33.1, 33.4, 33.5, 33.6, 33.5, 33.6], [36.4, 35.8, 35.9, 35.9, 36.0, 35.9]], "top_cpu_kernel": [[40.2, 39.199999999999996, 39.0, 39.4, 39.0, 39.1], [22.299999999999997, 20.4, 20.299999999999997, 20.299999999999997, 20.1, 20.299999999999997], [24.6, 23.3, 23.4, 23.3, 23.4, 23.1]], "top_cpu_idle": [[0.0, 0.0, 0.0, 0.0, 0.0, 0.0], [44.6, 46.1, 46.2, 46.1, 46.4, 46.1], [38.8, 40.9, 40.7, 40.8, 40.7, 41.1]], "top_cpu_wait_io": [[22.3, 22.5, 22.8, 22.3, 22.8, 22.8], [0.0, 0.0, 0.0, 0.0, 0.0, 0.0], [0.3, 0.0, 0.0, 0.0, 0.0, 0.0]], "iotop_disk_read": [[0.0, 0.0, 0.0, 0.0, 0.0, 0.0], [0.0, 0.0, 0.0, 0.0, 0.0, 0.0], [0.0, 0.0, 0.0, 0.0, 0.0, 0.0]], "iotop_disk_write": [[0.0, 1776173.54, 1776841.29, 1776009.67, 1775690.94, 1775083.07], [0.0, 1131378.96, 1130714.8, 1131015.65, 1131156.9, 1131031.57], [0.0, 1299463.15, 1299726.27, 1299056.0, 1298882.89, 1298628.12]], "bmon_rx_Bps": [[0.0, 1091584384.0, 1091563136.0, 1091344768.0, 1091417984.0, 1091360512.0], [0.0, 1091814272.0, 1091619072.0, 1091742464.0, 1091659520.0, 1091927808.0], [0.0, 1091237760.0, 1091549056.0, 1091079168.0, 1091553664.0, 1091098880.0]], "bmon_tx_Bps": [[0.0, 36956336.0, 36852280.0, 36815128.0, 36801224.0, 36760264.0], [0.0, 37889612.0, 37840768.0, 37875076.0, 37790448.0, 37851208.0], [0.0, 36956676.0, 36945852.0, 36941224.0, 36933296.0, 36909208.0]]}}