{"clients": {"top_cpu_user": [[95.2, 96.4, 96.6, 96.8, 96.8, 97.0]], "top_cpu_kernel": [[3.4000000000000004, 2.7, 2.9, 2.8, 2.8, 2.7]], "top_cpu_idle": [[1.4, 0.8, 0.5, 0.4, 0.4, 0.3]], "top_cpu_wait_io": [[0.0, 0.0, 0.0, 0.0, 0.0, 0.0]], "iotop_disk_read": [[0.0, 0.0, 0.0, 0.0, 0.0, 0.0]], "iotop_disk_write": [[0.0, 2.45, 0.0, 0.0, 17.16, 0.0]], "bmon_rx_Bps": [[0.0, 1133613.25, 1140824.12, 1152028.88, 1154761.12, 1159000.12]], "bmon_tx_Bps": [[0.0, 696026624.0, 696018560.0, 696816256.0, 696683648.0, 696177664.0]]}, "broker": {"top_cpu_user": [[5.2, 5.1, 5.3, 5.2, 5.2, 5.1]], "top_cpu_kernel": [[15.5, 12.799999999999999, 12.6, 12.7, 12.6, 12.5]], "top_cpu_idle": [[78.6, 82.1, 82.1, 82.1, 82.2, 82.3]], "top_cpu_wait_io": [[0.6, 0.0, 0.0, 0.0, 0.0, 0.0]], "iotop_disk_read": [[0.0, 0.0, 0.0, 0.0, 0.0, 0.0]], "iotop_disk_write": [[0.0, 0.0, 0.0, 0.0, 17.98, 0.0]], "bmon_rx_Bps": [[0.0, 765874368.0, 765410624.0, 766147520.0, 766035968.0, 765651584.0]], "bmon_tx_Bps": [[0.0, 2159488000.0, 2158652160.0, 2160777728.0, 2157383168.0, 2160838656.0]]}, "log": {"top_cpu_user": [[36.5, 36.7, 36.6, 36.8, 36.9, 36.8], [35.6, 34.4, 34.3, 34.2, 34.3, 34.4], [36.8, 36.3, 36.2, 36.3, 36.6, 36.6]], "top_cpu_kernel": [[20.2, 19.1, 19.200000000000003, 19.3, 19.400000000000002, 19.400000000000002], [18.3, 18.2, 18.4, 18.4, 18.0, 18.3], [21.400000000000002, 19.6, 19.8, 19.5, 19.900000000000002, 20.099999999999998]], "top_cpu_idle": [[43.1, 44.2, 44.2, 43.9, 43.8, 43.8], [45.9, 47.4, 47.3, 47.4, 47.7, 47.3], [41.8, 44.1, 44.1, 44.1, 43.5, 43.3]], "top_cpu_wait_io": [[0.3, 0.0, 0.0, 0.0, 0.0, 0.0], [0.3, 0.0, 0.0, 0.0, 0.0, 0.0], [0.0, 0.0, 0.0, 0.0, 0.0, 0.0]], "iotop_disk_read": [[0.0, 0.0, 0.0, 0.0, 0.0, 0.0], [0.0, 0.0, 0.0, 0.0, 0.0, 0.0], [0.0, 0.0, 0.0, 0.0, 0.0, 0.0]], "iotop_disk_write": [[0.0, 744819.5, 744946.73, 745070.78, 749143.57, 744645.94], [0.0, 743635.85, 743688.84, 743179.01, 745241.92, 743481.01], [0.0, 790890.16, 800071.32, 802305.22, 808414.11, 823523.76]], "bmon_rx_Bps": [[0.0, 718909184.0, 717745600.0, 717104640.0, 717797440.0, 717204608.0], [0.0, 719124352.0, 718327424.0, 716995456.0, 717065728.0, 718011392.0], [0.0, 717388864.0, 717182912.0, 718483264.0, 717165760.0, 717686272.0]], "bmon_tx_Bps": [[0.0, 24303246.0, 24261628.0, 24301124.0, 24371516.0, 24358404.0], [0.0, 24393514.0, 24421366.0, 24359940.0, 24429652.0, 24417920.0], [0.0, 24363006.0, 24342512.0, 24359810.0, 24415136.0, 24472860.0]]}}