{"SentMessagesPerSecondMeasurements":[60572.624556653915,60461.09244990034,60566.69822525121,60397.75171133275,60522.70732934212,60711.6445064259],"SentBytesPerSecondMeasurements":[230175973.31528494,229752151.30962124,230153453.25595462,229511456.50306436,229986287.85150015,230704249.12441844],"AckMessagesPerSecondMeasurements":[60504.226601026865,60420.026620262084,60758.30593827855,60411.4558491589,60413.29086924549,60711.649022044076],"NumLatencyMeasurements":26530,"Latency50Pct":0.020289466,"Latency75Pct":0.020334069,"Latency90Pct":0.020382261,"Latency99Pct":0.023964883,"Latency999Pct":0.029730434,"Latency9999Pct":0.042897892,"MaxPending":30,"Partitions":4,"Connections":32,"MessageSize":3800,"MaxBatchSize":524288,"MessagesPerSecondConfigured":60526}