{"clients": {"top_cpu_user": [[97.4, 98.4, 98.7, 98.8, 98.7, 98.8]], "top_cpu_kernel": [[2.0, 1.2, 1.1, 1.0, 1.1, 1.0]], "top_cpu_idle": [[0.6, 0.4, 0.2, 0.2, 0.2, 0.1]], "top_cpu_wait_io": [[0.0, 0.0, 0.0, 0.0, 0.0, 0.0]], "iotop_disk_read": [[0.0, 0.0, 0.0, 0.0, 0.0, 0.0]], "iotop_disk_write": [[0.0, 6.11, 0.0, 0.0, 19.97, 0.0]], "bmon_rx_Bps": [[0.0, 378187.44, 378761.38, 378468.03, 385213.97, 380249.12]], "bmon_tx_Bps": [[0.0, 232038720.0, 232038352.0, 232433024.0, 231743440.0, 232941680.0]]}, "broker": {"top_cpu_user": [[2.5, 1.9, 1.8, 1.8, 1.8, 1.8]], "top_cpu_kernel": [[6.3, 4.5, 4.5, 4.4, 4.4, 4.6000000000000005]], "top_cpu_idle": [[91.1, 93.6, 93.7, 93.8, 93.8, 93.6]], "top_cpu_wait_io": [[0.0, 0.0, 0.0, 0.0, 0.0, 0.0]], "iotop_disk_read": [[0.0, 0.0, 0.0, 0.0, 0.0, 0.0]], "iotop_disk_write": [[0.0, 28.35, 0.0, 0.0, 2.4, 0.0]], "bmon_rx_Bps": [[0.0, 255335312.0, 255321280.0, 255776000.0, 255684832.0, 256063696.0]], "bmon_tx_Bps": [[0.0, 719543104.0, 719543488.0, 720757056.0, 718673664.0, 720242432.0]]}, "log": {"top_cpu_user": [[39.1, 38.5, 38.4, 38.4, 38.5, 38.5], [36.6, 35.7, 35.6, 35.5, 35.3, 35.4], [38.4, 38.1, 38.2, 38.1, 37.9, 37.8]], "top_cpu_kernel": [[17.700000000000003, 16.4, 16.2, 16.5, 16.3, 16.3], [16.4, 15.5, 15.5, 15.4, 15.5, 15.5], [18.0, 16.900000000000002, 16.8, 16.9, 17.200000000000003, 17.200000000000003]], "top_cpu_idle": [[43.2, 45.1, 45.3, 45.1, 45.2, 45.2], [47.1, 48.8, 48.9, 49.0, 49.3, 49.1], [43.6, 45.0, 45.0, 45.0, 44.9, 44.9]], "top_cpu_wait_io": [[0.0, 0.1, 0.0, 0.0, 0.0, 0.0], [0.0, 0.0, 0.0, 0.0, 0.0, 0.0], [0.0, 0.0, 0.0, 0.0, 0.0, 0.0]], "iotop_disk_read": [[0.0, 0.0, 0.0, 0.0, 0.0, 0.0], [0.0, 0.0, 0.0, 0.0, 0.0, 0.0], [0.0, 0.0, 0.0, 0.0, 0.0, 0.0]], "iotop_disk_write": [[0.0, 266456.65, 255441.49, 255538.54, 250736.31, 250860.6], [0.0, 247283.44, 248622.46, 254228.09, 247975.5, 248958.12], [0.0, 259517.77, 257031.56, 255544.73, 259506.74, 260516.39]], "bmon_rx_Bps": [[0.0, 239125680.0, 239127792.0, 239130896.0, 239130656.0, 239133216.0], [0.0, 239155504.0, 239200880.0, 239124464.0, 239147072.0, 239157456.0], [0.0, 239177312.0, 239177408.0, 239169408.0, 239170400.0, 239171072.0]], "bmon_tx_Bps": [[0.0, 8131884.0, 8145328.0, 8147321.5, 8164202.0, 8150112.5], [0.0, 8231819.5, 8212912.0, 8257578.0, 8246466.5, 8237170.5], [0.0, 8300358.0, 8264178.5, 8258149.5, 8280879.5, 8288942.0]]}}