{"SentMessagesPerSecondMeasurements":[121022.35430514927,121022.32226213314,120977.54317789468,121281.66798960777,120979.943415162,120943.94189943226],"SentBytesPerSecondMeasurements":[459884946.35956734,459884824.5961059,459714664.07599974,460870338.3605096,459723784.97761554,459586979.2178426],"AckMessagesPerSecondMeasurements":[121036.13432446122,121118.12976047386,120963.8689922317,121158.28416267653,121089.54574938037,121026.07933936044],"NumLatencyMeasurements":42810,"Latency50Pct":0.020318392,"Latency75Pct":0.020695738,"Latency90Pct":0.021057379,"Latency99Pct":0.024477485,"Latency999Pct":0.040653586,"Latency9999Pct":0.046612861,"MaxPending":30,"Partitions":4,"Connections":32,"MessageSize":3800,"MaxBatchSize":524288,"MessagesPerSecondConfigured":121052}