{"SentMessagesPerSecondMeasurements":[181610.4557197919,181463.42088592396,181698.79446388356,181642.20952208454,181301.35860838246,181864.156327857],"SentBytesPerSecondMeasurements":[690119731.7352095,689560999.3665112,690455418.9627577,690240396.1839211,688945162.7118535,691083794.0458566],"AckMessagesPerSecondMeasurements":[181692.61411755977,181395.0121879269,181794.670508839,181560.06729729747,181602.58970785383,181549.32235628058],"NumLatencyMeasurements":47126,"Latency50Pct":0.020887031,"Latency75Pct":0.020971755,"Latency90Pct":0.021668832,"Latency99Pct":0.024769675,"Latency999Pct":0.0427862,"Latency9999Pct":0.04680725,"MaxPending":30,"Partitions":4,"Connections":32,"MessageSize":3800,"MaxBatchSize":524288,"MessagesPerSecondConfigured":181578}