{"SentMessagesPerSecondMeasurements":[242338.5312103522,242145.95862899884,242114.00692771428,242068.9661401756,242067.86546480632,242076.99890736528],"SentBytesPerSecondMeasurements":[920886418.5993387,920154642.7901957,920033226.3253144,919862071.3326676,919857888.7662641,919892595.847988],"AckMessagesPerSecondMeasurements":[242146.79722742114,241885.89558304686,242250.7995088571,242219.55212624342,241862.5103136593,242282.102074609],"NumLatencyMeasurements":50392,"Latency50Pct":0.020948656,"Latency75Pct":0.021023234,"Latency90Pct":0.022057723,"Latency99Pct":0.031063404,"Latency999Pct":0.044944298,"Latency9999Pct":0.060054313,"MaxPending":30,"Partitions":4,"Connections":32,"MessageSize":3800,"MaxBatchSize":524288,"MessagesPerSecondConfigured":242105}