{"clients": {"top_cpu_user": [[4.2, 3.7, 3.7, 3.7, 3.7, 3.7]], "top_cpu_kernel": [[1.0, 0.30000000000000004, 0.4, 0.30000000000000004, 0.4, 0.30000000000000004]], "top_cpu_idle": [[94.6, 96.0, 96.0, 96.0, 96.0, 96.0]], "top_cpu_wait_io": [[0.2, 0.0, 0.0, 0.0, 0.0, 0.0]], "iotop_disk_read": [[0.0, 0.0, 0.0, 0.0, 0.0, 0.0]], "iotop_disk_write": [[0.0, 5.72, 0.0, 0.0, 18.8, 0.0]], "bmon_rx_Bps": [[0.0, 278106.47, 276462.34, 276093.62, 277920.5, 277578.62]], "bmon_tx_Bps": [[0.0, 512210.03, 508875.75, 508121.0, 511467.0, 510832.06]]}, "broker": {"top_cpu_user": [[3.7, 2.5, 2.5, 2.5, 2.5, 2.5]], "top_cpu_kernel": [[2.5, 1.4, 1.4, 1.5, 1.4, 1.4]], "top_cpu_idle": [[93.8, 96.0, 96.1, 96.0, 96.0, 96.1]], "top_cpu_wait_io": [[0.0, 0.0, 0.0, 0.0, 0.0, 0.0]], "iotop_disk_read": [[0.0, 0.0, 0.0, 0.0, 0.0, 0.0]], "iotop_disk_write": [[0.0, 0.4, 0.0, 0.0, 27.97, 0.4]], "bmon_rx_Bps": [[0.0, 1378920.0, 1372216.75, 1370981.12, 1380076.75, 1378367.25]], "bmon_tx_Bps": [[0.0, 1957229.5, 1947719.25, 1945971.12, 1958915.25, 1956444.75]]}, "log": {"top_cpu_user": [[40.2, 39.8, 40.1, 40.1, 40.1, 40.0], [39.8, 39.7, 39.7, 39.9, 39.8, 39.8], [40.6, 39.5, 39.4, 39.6, 39.6, 39.7]], "top_cpu_kernel": [[15.8, 14.6, 14.299999999999999, 14.299999999999999, 14.299999999999999, 14.4], [16.3, 14.7, 14.7, 14.6, 14.7, 14.6], [15.3, 14.8, 14.9, 14.799999999999999, 14.799999999999999, 14.6]], "top_cpu_idle": [[44.0, 45.6, 45.6, 45.6, 45.6, 45.6], [43.9, 45.6, 45.6, 45.6, 45.6, 45.6], [44.2, 45.7, 45.7, 45.7, 45.7, 45.7]], "top_cpu_wait_io": [[0.0, 0.0, 0.0, 0.0, 0.0, 0.0], [0.0, 0.0, 0.0, 0.0, 0.0, 0.0], [0.0, 0.0, 0.0, 0.0, 0.0, 0.0]], "iotop_disk_read": [[0.0, 0.0, 0.0, 0.0, 0.0, 0.0], [0.0, 0.0, 0.0, 0.0, 0.0, 0.0], [0.0, 0.0, 0.0, 0.0, 0.0, 0.0]], "iotop_disk_write": [[0.0, 7669.12, 7626.23, 7631.13, 7693.63, 7658.45], [0.0, 7671.98, 7624.19, 7629.5, 7690.77, 7663.71], [0.0, 7689.55, 7607.38, 7631.08, 7691.13, 7660.44]], "bmon_rx_Bps": [[0.0, 516798.16, 514249.59, 514150.59, 517424.91, 516535.47], [0.0, 516880.53, 514254.5, 514250.88, 517260.66, 516510.47], [0.0, 516807.69, 513967.0, 514226.62, 517666.91, 516502.78]], "bmon_tx_Bps": [[0.0, 343655.44, 345543.0, 349917.06, 349501.69, 341038.19], [0.0, 345011.47, 346755.16, 351137.16, 345302.62, 341022.69], [0.0, 342581.53, 343972.62, 348319.06, 352268.38, 340941.5]]}}