{"SentMessagesPerSecondMeasurements":[350070.28276302305,353274.8142578596,335133.1638488074,334940.009447368,335000.6801940549,335391.98524344276],"SentBytesPerSecondMeasurements":[35007028.2763023,35327481.42578594,33513316.38488075,33494000.944736794,33500068.019405503,33539198.524344277],"AckMessagesPerSecondMeasurements":[338043.3972950651,363217.1880880137,337229.1144600965,334940.009447368,335000.6801940549,335391.98524344276],"NumLatencyMeasurements":3904,"Latency50Pct":0.085608915,"Latency75Pct":0.105778704,"Latency90Pct":0.122251878,"Latency99Pct":0.147457074,"Latency999Pct":0.161228078,"Latency9999Pct":0.18610975,"MaxPending":15,"Partitions":64,"Connections":32,"MessageSize":100,"MaxBatchSize":524288,"MessagesPerSecondConfigured":340000}