{"SentMessagesPerSecondMeasurements":[681214.8817246025,686123.8066865293,675300.1320543451,677168.7582257532,680916.6882611258,681905.154472135],"SentBytesPerSecondMeasurements":[68121488.17246023,68612380.66865292,67530013.20543453,67716875.82257536,68091668.8261126,68190515.4472135],"AckMessagesPerSecondMeasurements":[674933.3114636558,689790.0100586358,677916.9351607178,672982.0561371027,680915.898727464,685045.4330069233],"NumLatencyMeasurements":7754,"Latency50Pct":0.048306329,"Latency75Pct":0.060824272,"Latency90Pct":0.077733081,"Latency99Pct":0.115973722,"Latency999Pct":0.172208833,"Latency9999Pct":0.241354516,"MaxPending":15,"Partitions":64,"Connections":32,"MessageSize":100,"MaxBatchSize":524288,"MessagesPerSecondConfigured":680000}