{"clients": {"top_cpu_user": [[94.3, 94.9, 94.9, 95.0, 94.9, 95.0]], "top_cpu_kernel": [[4.5, 4.1, 4.0, 4.0, 4.0, 4.0]], "top_cpu_idle": [[1.2, 1.0, 1.0, 1.0, 1.0, 1.0]], "top_cpu_wait_io": [[0.0, 0.0, 0.0, 0.0, 0.0, 0.0]], "iotop_disk_read": [[0.0, 0.0, 0.0, 0.0, 0.0, 0.0]], "iotop_disk_write": [[0.0, 24.46, 2.86, 0.0, 6.53, 0.0]], "bmon_rx_Bps": [[0.0, 1122472.62, 1115741.12, 1130422.12, 1134426.62, 1137754.12]], "bmon_tx_Bps": [[0.0, 109397392.0, 108608640.0, 108765880.0, 108851472.0, 109502640.0]]}, "broker": {"top_cpu_user": [[5.2, 8.3, 8.1, 8.2, 8.2, 8.2]], "top_cpu_kernel": [[18.2, 26.1, 25.400000000000002, 25.8, 25.9, 25.400000000000002]], "top_cpu_idle": [[76.6, 65.5, 66.5, 66.0, 65.8, 66.4]], "top_cpu_wait_io": [[0.0, 0.0, 0.0, 0.0, 0.0, 0.0]], "iotop_disk_read": [[0.0, 0.0, 0.0, 0.0, 0.0, 0.0]], "iotop_disk_write": [[0.0, 20.78, 0.0, 0.0, 2.4, 0.0]], "bmon_rx_Bps": [[0.0, 472254464.0, 469274752.0, 469896576.0, 469616480.0, 473144128.0]], "bmon_tx_Bps": [[0.0, 729815360.0, 724923520.0, 726268288.0, 725334144.0, 731285888.0]]}, "log": {"top_cpu_user": [[36.8, 36.4, 36.5, 36.7, 36.6, 36.5], [34.6, 33.6, 33.5, 33.6, 33.5, 33.5], [36.7, 36.0, 36.2, 36.0, 36.2, 36.0]], "top_cpu_kernel": [[21.299999999999997, 20.5, 20.3, 20.2, 20.400000000000002, 20.200000000000003], [19.7, 19.3, 19.2, 19.1, 19.1, 19.0], [20.400000000000002, 20.5, 20.5, 20.700000000000003, 20.6, 20.799999999999997]], "top_cpu_idle": [[41.8, 43.0, 43.2, 43.2, 43.1, 43.3], [45.7, 47.1, 47.3, 47.2, 47.4, 47.5], [42.8, 43.6, 43.3, 43.3, 43.2, 43.2]], "top_cpu_wait_io": [[0.0, 0.0, 0.0, 0.0, 0.0, 0.0], [0.0, 0.0, 0.0, 0.0, 0.0, 0.0], [0.0, 0.0, 0.0, 0.0, 0.0, 0.0]], "iotop_disk_read": [[0.0, 0.0, 0.0, 0.0, 0.0, 0.0], [0.0, 0.0, 0.0, 0.0, 0.0, 0.0], [0.0, 0.0, 0.0, 0.0, 0.0, 0.0]], "iotop_disk_write": [[0.0, 356190.63, 362088.03, 352275.6, 358723.45, 353431.31], [0.0, 351746.3, 352648.2, 350105.41, 351423.15, 348704.34], [0.0, 353137.33, 353172.62, 352417.78, 354885.87, 353379.82]], "bmon_rx_Bps": [[0.0, 239792224.0, 239066816.0, 238271504.0, 239567616.0, 239458496.0], [0.0, 239586176.0, 239913488.0, 237832496.0, 240090832.0, 238642624.0], [0.0, 239415136.0, 239731648.0, 237761456.0, 240678464.0, 238534080.0]], "bmon_tx_Bps": [[0.0, 123070664.0, 122742832.0, 122250064.0, 122924128.0, 122828240.0], [0.0, 122819496.0, 123025904.0, 121985648.0, 123089600.0, 122310560.0], [0.0, 122786488.0, 122995416.0, 121977336.0, 123497392.0, 122413648.0]]}}