{"clients": {"top_cpu_user": [[92.1, 91.1, 91.5, 91.5, 91.5, 91.4]], "top_cpu_kernel": [[6.1, 6.8, 6.5, 6.6000000000000005, 6.6000000000000005, 6.6000000000000005]], "top_cpu_idle": [[1.8, 2.0, 2.0, 1.9, 1.9, 1.9]], "top_cpu_wait_io": [[0.0, 0.0, 0.0, 0.0, 0.0, 0.0]], "iotop_disk_read": [[0.0, 0.0, 0.0, 0.0, 0.0, 0.0]], "iotop_disk_write": [[0.0, 2.45, 3.67, 0.0, 21.65, 0.0]], "bmon_rx_Bps": [[0.0, 1845330.75, 1814974.5, 1813098.88, 1812412.25, 1779828.5]], "bmon_tx_Bps": [[0.0, 186139568.0, 180416128.0, 180413792.0, 181278336.0, 178948144.0]]}, "broker": {"top_cpu_user": [[11.3, 13.8, 13.1, 13.4, 13.3, 13.4]], "top_cpu_kernel": [[26.0, 49.3, 46.400000000000006, 47.3, 46.8, 46.800000000000004]], "top_cpu_idle": [[62.7, 36.9, 40.5, 39.4, 39.9, 39.8]], "top_cpu_wait_io": [[0.0, 0.0, 0.0, 0.0, 0.0, 0.0]], "iotop_disk_read": [[0.0, 0.0, 0.0, 0.0, 0.0, 0.0]], "iotop_disk_write": [[0.0, 3.2, 13.98, 0.0, 2.4, 0.0]], "bmon_rx_Bps": [[0.0, 804924160.0, 780183104.0, 780134592.0, 783209984.0, 773632128.0]], "bmon_tx_Bps": [[0.0, 1246986496.0, 1208690432.0, 1208653824.0, 1213343360.0, 1198238464.0]]}, "log": {"top_cpu_user": [[35.7, 34.2, 34.0, 34.0, 34.5, 34.5], [32.2, 31.5, 31.5, 31.4, 31.5, 31.6], [34.6, 33.7, 34.0, 34.0, 34.1, 34.1]], "top_cpu_kernel": [[24.0, 24.1, 23.799999999999997, 23.5, 23.8, 24.1], [24.8, 22.9, 22.3, 22.3, 22.0, 22.0], [26.900000000000002, 24.799999999999997, 24.5, 24.7, 24.700000000000003, 24.7]], "top_cpu_idle": [[40.4, 41.7, 42.2, 42.5, 41.7, 41.4], [43.0, 45.6, 46.2, 46.2, 46.5, 46.4], [38.5, 41.6, 41.4, 41.4, 41.2, 41.2]], "top_cpu_wait_io": [[0.0, 0.0, 0.0, 0.0, 0.0, 0.0], [0.0, 0.0, 0.0, 0.0, 0.0, 0.0], [0.0, 0.0, 0.0, 0.0, 0.0, 0.0]], "iotop_disk_read": [[0.0, 0.0, 0.0, 0.0, 0.0, 0.0], [0.0, 0.0, 0.0, 0.0, 0.0, 0.0], [0.0, 0.0, 0.0, 0.0, 0.0, 0.0]], "iotop_disk_write": [[0.0, 598451.74, 575162.64, 579684.36, 573289.04, 582093.96], [0.0, 594222.14, 564308.18, 577416.29, 573930.03, 572627.26], [0.0, 606381.22, 576715.49, 582692.97, 580081.75, 584169.53]], "bmon_rx_Bps": [[0.0, 409881120.0, 397273024.0, 397033408.0, 398537408.0, 394073088.0], [0.0, 410470112.0, 397273184.0, 397427168.0, 398250272.0, 394519040.0], [0.0, 411709920.0, 397072736.0, 397655040.0, 397753984.0, 395111072.0]], "bmon_tx_Bps": [[0.0, 209895728.0, 203471872.0, 203261104.0, 203955792.0, 201734256.0], [0.0, 210178640.0, 203454672.0, 203609936.0, 203975936.0, 202019856.0], [0.0, 211084288.0, 203633088.0, 203831232.0, 203881744.0, 202544864.0]]}}