{"clients": {"top_cpu_user": [[92.3, 93.1, 93.3, 93.2, 93.4, 93.2]], "top_cpu_kernel": [[5.5, 5.4, 5.3, 5.4, 5.3, 5.3]], "top_cpu_idle": [[2.2, 1.5, 1.4, 1.4, 1.4, 1.5]], "top_cpu_wait_io": [[0.0, 0.0, 0.0, 0.0, 0.0, 0.0]], "iotop_disk_read": [[0.0, 0.0, 0.0, 0.0, 0.0, 0.0]], "iotop_disk_write": [[0.0, 2.45, 4.08, 0.0, 19.16, 0.0]], "bmon_rx_Bps": [[0.0, 1556054.75, 1518720.25, 1522395.0, 1508621.5, 1524300.25]], "bmon_tx_Bps": [[0.0, 146424816.0, 144973568.0, 145032816.0, 143753360.0, 143258704.0]]}, "broker": {"top_cpu_user": [[16.8, 11.1, 10.8, 11.1, 10.7, 10.9]], "top_cpu_kernel": [[54.2, 36.0, 35.6, 36.1, 34.8, 35.2]], "top_cpu_idle": [[29.0, 52.8, 53.5, 52.9, 54.5, 54.0]], "top_cpu_wait_io": [[0.0, 0.0, 0.0, 0.0, 0.0, 0.0]], "iotop_disk_read": [[0.0, 0.0, 0.0, 0.0, 0.0, 0.0]], "iotop_disk_write": [[0.0, 0.4, 0.0, 0.0, 17.58, 0.0]], "bmon_rx_Bps": [[0.0, 632512512.0, 625631488.0, 626401152.0, 620041728.0, 618617728.0]], "bmon_tx_Bps": [[0.0, 979318656.0, 968275328.0, 969435584.0, 959203200.0, 957314304.0]]}, "log": {"top_cpu_user": [[37.0, 35.2, 35.6, 35.4, 35.7, 35.1], [32.9, 32.5, 32.5, 32.7, 32.7, 32.7], [36.6, 35.1, 34.9, 35.1, 35.2, 35.2]], "top_cpu_kernel": [[21.8, 21.8, 21.6, 22.1, 21.9, 22.200000000000003], [21.0, 20.7, 20.9, 20.9, 20.4, 20.5], [21.200000000000003, 22.1, 22.1, 22.200000000000003, 21.799999999999997, 22.0]], "top_cpu_idle": [[40.9, 43.0, 42.8, 42.5, 42.4, 42.7], [46.1, 46.8, 46.7, 46.4, 46.9, 46.8], [42.1, 42.8, 43.0, 42.7, 43.0, 42.8]], "top_cpu_wait_io": [[0.3, 0.0, 0.0, 0.0, 0.0, 0.0], [0.0, 0.0, 0.0, 0.0, 0.0, 0.0], [0.0, 0.0, 0.0, 0.0, 0.0, 0.0]], "iotop_disk_read": [[0.0, 0.0, 0.0, 0.0, 0.0, 0.0], [0.0, 0.0, 0.0, 0.0, 0.0, 0.0], [0.0, 0.0, 0.0, 0.0, 0.0, 0.0]], "iotop_disk_write": [[0.0, 467775.21, 464226.41, 473216.91, 457989.67, 460552.2], [0.0, 462859.85, 463304.43, 464584.63, 455732.91, 450251.93], [0.0, 462997.93, 458437.05, 459869.87, 457037.78, 458745.05]], "bmon_rx_Bps": [[0.0, 321101184.0, 318511008.0, 318420640.0, 315816128.0, 314351104.0], [0.0, 319569632.0, 318462336.0, 318791680.0, 315324320.0, 314348384.0], [0.0, 319159936.0, 318211744.0, 319113504.0, 315303872.0, 314718272.0]], "bmon_tx_Bps": [[0.0, 164423728.0, 163037808.0, 163161408.0, 161749664.0, 160965856.0], [0.0, 163620704.0, 163129472.0, 163271520.0, 161463808.0, 160913776.0], [0.0, 163410704.0, 162921712.0, 163309248.0, 161517280.0, 161225056.0]]}}