{"SentMessagesPerSecondMeasurements":[1008486.3599939095,1026487.2769960058,1015942.5461720707,1030244.0249372208,1004504.2911401984,1024569.5429028437],"SentBytesPerSecondMeasurements":[100848635.99939094,102648727.69960058,101594254.61720708,103024402.49372205,100450429.11401984,102456954.29028437],"AckMessagesPerSecondMeasurements":[1012674.6967410115,1024393.4855078594,1016467.080826179,1023960.0445353304,1010789.5493706309,1020381.2438104504],"NumLatencyMeasurements":10608,"Latency50Pct":0.047885714,"Latency75Pct":0.060293677,"Latency90Pct":0.078883557,"Latency99Pct":0.141978076,"Latency999Pct":0.234215934,"Latency9999Pct":0.319445583,"MaxPending":15,"Partitions":64,"Connections":32,"MessageSize":100,"MaxBatchSize":524288,"MessagesPerSecondConfigured":1020000}