{"clients": {"top_cpu_user": [[98.8, 97.9, 98.0, 98.2, 98.2, 98.1]], "top_cpu_kernel": [[0.8, 1.5, 1.5, 1.4, 1.4, 1.5]], "top_cpu_idle": [[0.4, 0.5, 0.5, 0.4, 0.4, 0.5]], "top_cpu_wait_io": [[0.0, 0.0, 0.0, 0.0, 0.0, 0.0]], "iotop_disk_read": [[0.0, 0.0, 0.0, 0.0, 0.0, 0.0]], "iotop_disk_write": [[0.0, 2.86, 0.0, 0.0, 19.15, 0.0]], "bmon_rx_Bps": [[0.0, 274066.22, 297704.88, 259956.41, 250555.53, 254684.5]], "bmon_tx_Bps": [[0.0, 35792428.0, 38483756.0, 36422180.0, 35893272.0, 35789504.0]]}, "broker": {"top_cpu_user": [[0.6, 2.7, 2.4, 2.4, 2.4, 2.4]], "top_cpu_kernel": [[1.2, 10.9, 10.2, 10.1, 10.1, 10.1]], "top_cpu_idle": [[98.1, 86.4, 87.4, 87.4, 87.5, 87.5]], "top_cpu_wait_io": [[0.0, 0.0, 0.0, 0.0, 0.0, 0.0]], "iotop_disk_read": [[0.0, 0.0, 0.0, 0.0, 7.59, 0.0]], "iotop_disk_write": [[0.0, 0.4, 28.36, 5.59, 8.39, 0.0]], "bmon_rx_Bps": [[0.0, 156189120.0, 165420544.0, 161126960.0, 157413872.0, 156503440.0]], "bmon_tx_Bps": [[0.0, 241889504.0, 254973296.0, 250291744.0, 243957216.0, 242463712.0]]}, "log": {"top_cpu_user": [[39.3, 38.0, 38.2, 38.1, 38.1, 38.0], [35.2, 35.2, 35.2, 35.5, 35.4, 35.3], [35.2, 37.9, 38.0, 38.0, 38.0, 37.8]], "top_cpu_kernel": [[16.900000000000002, 17.2, 16.9, 17.2, 17.2, 17.1], [17.5, 15.799999999999999, 15.8, 15.5, 15.6, 15.6], [23.3, 17.2, 17.2, 17.2, 17.2, 17.3]], "top_cpu_idle": [[43.8, 44.8, 44.9, 44.8, 44.8, 44.8], [47.4, 49.0, 49.0, 49.0, 49.0, 49.0], [41.5, 44.8, 44.9, 44.8, 44.8, 44.9]], "top_cpu_wait_io": [[0.0, 0.0, 0.0, 0.0, 0.0, 0.0], [0.0, 0.0, 0.0, 0.0, 0.0, 0.0], [0.0, 0.0, 0.0, 0.0, 0.0, 0.0]], "iotop_disk_read": [[0.0, 0.0, 0.0, 0.0, 0.0, 0.0], [0.0, 0.0, 0.0, 0.0, 0.0, 0.0], [0.0, 0.0, 0.0, 0.0, 0.0, 0.0]], "iotop_disk_write": [[0.0, 127400.23, 129711.57, 123260.76, 124082.33, 123699.85], [0.0, 125729.43, 121580.44, 117925.17, 118816.68, 118074.71], [0.0, 133845.31, 123441.39, 122859.98, 122710.44, 123611.76]], "bmon_rx_Bps": [[0.0, 79521296.0, 85294768.0, 80910352.0, 79799376.0, 79559472.0], [0.0, 81011816.0, 84496152.0, 80644048.0, 79662352.0, 79443352.0], [0.0, 82986584.0, 83496208.0, 80450344.0, 79632568.0, 79428152.0]], "bmon_tx_Bps": [[0.0, 41049388.0, 44053180.0, 41808480.0, 41208804.0, 41069120.0], [0.0, 41647096.0, 43505776.0, 41536164.0, 41035904.0, 40894360.0], [0.0, 42788748.0, 43083928.0, 41514952.0, 41088816.0, 40973460.0]]}}