{"clients": {"top_cpu_user": [[89.0, 91.6, 91.3, 91.3, 91.6, 91.2]], "top_cpu_kernel": [[8.5, 6.300000000000001, 6.8, 6.8, 6.6, 6.8]], "top_cpu_idle": [[2.5, 2.0, 1.9, 1.9, 1.8, 2.0]], "top_cpu_wait_io": [[0.0, 0.0, 0.0, 0.0, 0.0, 0.0]], "iotop_disk_read": [[0.0, 0.0, 0.0, 0.0, 0.0, 0.0]], "iotop_disk_write": [[0.0, 3.26, 0.0, 0.0, 18.37, 0.0]], "bmon_rx_Bps": [[0.0, 1672741.75, 1753502.0, 1798745.38, 1784562.5, 1764339.5]], "bmon_tx_Bps": [[0.0, 175331328.0, 182520192.0, 185298080.0, 183290144.0, 183933184.0]]}, "broker": {"top_cpu_user": [[17.0, 12.9, 13.8, 13.8, 13.4, 13.5]], "top_cpu_kernel": [[60.2, 45.099999999999994, 48.300000000000004, 48.099999999999994, 47.2, 48.1]], "top_cpu_idle": [[22.9, 42.0, 37.9, 38.0, 39.4, 38.4]], "top_cpu_wait_io": [[0.0, 0.0, 0.0, 0.0, 0.0, 0.0]], "iotop_disk_read": [[0.0, 0.0, 0.0, 0.0, 0.0, 0.0]], "iotop_disk_write": [[0.0, 8.39, 0.0, 0.0, 13.59, 0.0]], "bmon_rx_Bps": [[0.0, 758693696.0, 789754368.0, 802198208.0, 792543360.0, 795734144.0]], "bmon_tx_Bps": [[0.0, 1175143296.0, 1223400320.0, 1242551552.0, 1227367808.0, 1232619520.0]]}, "log": {"top_cpu_user": [[36.4, 34.4, 33.8, 33.8, 33.8, 33.6], [33.1, 31.8, 31.6, 31.7, 31.8, 31.6], [32.8, 33.8, 33.8, 33.7, 33.8, 33.9]], "top_cpu_kernel": [[22.6, 23.0, 24.7, 25.1, 24.400000000000002, 24.599999999999998], [21.5, 22.3, 22.799999999999997, 22.7, 22.8, 23.0], [26.5, 23.900000000000002, 24.700000000000003, 24.3, 24.4, 24.5]], "top_cpu_idle": [[40.8, 42.6, 41.6, 41.1, 41.9, 41.8], [45.0, 45.9, 45.5, 45.7, 45.4, 45.4], [40.4, 42.2, 41.5, 42.0, 41.8, 41.6]], "top_cpu_wait_io": [[0.3, 0.0, 0.0, 0.0, 0.0, 0.0], [0.3, 0.0, 0.0, 0.0, 0.0, 0.0], [0.3, 0.0, 0.0, 0.0, 0.0, 0.0]], "iotop_disk_read": [[0.0, 0.0, 0.0, 0.0, 0.0, 0.0], [0.0, 0.0, 0.0, 0.0, 0.0, 0.0], [0.0, 0.0, 0.0, 0.0, 0.0, 0.0]], "iotop_disk_write": [[0.0, 558647.48, 591923.25, 597370.51, 585065.35, 591407.08], [0.0, 562496.22, 596257.3, 589905.63, 581977.21, 593142.3], [0.0, 571234.18, 604151.22, 599260.16, 588240.82, 593119.67]], "bmon_rx_Bps": [[0.0, 385586816.0, 401783808.0, 408145728.0, 402818944.0, 404826208.0], [0.0, 385309216.0, 401983840.0, 408379424.0, 402418624.0, 404985024.0], [0.0, 384985472.0, 402366560.0, 408324000.0, 402075456.0, 405716032.0]], "bmon_tx_Bps": [[0.0, 197477872.0, 205825536.0, 209160112.0, 206553312.0, 207487968.0], [0.0, 197467520.0, 206081008.0, 209212128.0, 206231840.0, 207557984.0], [0.0, 197426656.0, 206299616.0, 209254016.0, 206080000.0, 207887344.0]]}}