{"SentMessagesPerSecondMeasurements":[1367851.3054400168,1361345.5501498964,1358873.4989452248,1335734.4798620066,1347359.1650297823,1383474.0646098289],"SentBytesPerSecondMeasurements":[136785130.5440017,136134555.01498964,135887349.8945224,133573447.9862006,134735916.50297824,138347406.46098295],"AckMessagesPerSecondMeasurements":[1372043.784748846,1362915.7070561312,1350494.9800394035,1338879.4512813678,1347357.0142085128,1385043.5418221653],"NumLatencyMeasurements":12117,"Latency50Pct":0.050868892,"Latency75Pct":0.066706104,"Latency90Pct":0.08956118,"Latency99Pct":0.204471476,"Latency999Pct":0.356758211,"Latency9999Pct":0.445225021,"MaxPending":15,"Partitions":64,"Connections":32,"MessageSize":100,"MaxBatchSize":524288,"MessagesPerSecondConfigured":1360000}