{"clients": {"top_cpu_user": [[3.0, 2.9, 2.8, 2.8, 2.9, 2.8]], "top_cpu_kernel": [[2.8000000000000003, 2.4, 2.3, 2.3, 2.4000000000000004, 2.3]], "top_cpu_idle": [[94.2, 94.7, 94.8, 94.8, 94.7, 94.9]], "top_cpu_wait_io": [[0.0, 0.0, 0.0, 0.0, 0.0, 0.0]], "iotop_disk_read": [[0.0, 0.0, 0.0, 0.0, 0.0, 0.0]], "iotop_disk_write": [[0.0, 25.74, 2.04, 2.45, 7.76, 6.13]], "bmon_rx_Bps": [[0.0, 2024199.5, 2025070.12, 2023857.0, 2023407.5, 2025297.38]], "bmon_tx_Bps": [[0.0, 466598208.0, 466593408.0, 466593184.0, 466582176.0, 466582752.0]]}, "pulsar": {"top_cpu_user": [[10.4, 11.5, 11.8, 11.4, 11.5, 11.9]], "top_cpu_kernel": [[20.2, 19.0, 19.2, 19.1, 19.200000000000003, 19.3]], "top_cpu_idle": [[69.4, 69.5, 69.1, 69.5, 69.4, 68.7]], "top_cpu_wait_io": [[0.0, 0.0, 0.0, 0.0, 0.0, 0.0]], "iotop_disk_read": [[0.0, 0.0, 0.0, 0.0, 0.0, 0.0]], "iotop_disk_write": [[0.0, 0.8, 28.36, 12.38, 11.98, 36.75]], "bmon_rx_Bps": [[0.0, 471973120.0, 471977760.0, 471970880.0, 471952128.0, 471978400.0]], "bmon_tx_Bps": [[0.0, 1403560448.0, 1403622272.0, 1403670016.0, 1403674112.0, 1403644032.0]]}, "bookkeeper": {"top_cpu_user": [[3.3, 3.0, 3.1, 3.1, 3.0, 3.1], [3.1, 2.9, 2.8, 2.8, 2.9, 2.9], [2.8, 3.1, 3.1, 3.2, 3.2, 3.3]], "top_cpu_kernel": [[6.9, 5.9, 6.1, 6.2, 6.0, 6.0], [5.7, 5.5, 5.5, 5.5, 5.5, 5.6], [5.4, 5.4, 5.5, 5.7, 5.7, 5.7]], "top_cpu_idle": [[89.2, 89.1, 88.7, 88.6, 88.7, 88.7], [90.7, 89.7, 89.5, 89.5, 89.3, 89.4], [91.2, 89.5, 89.1, 88.8, 89.0, 88.9]], "top_cpu_wait_io": [[0.6, 1.9, 2.1, 2.1, 2.2, 2.1], [0.6, 2.0, 2.2, 2.2, 2.2, 2.2], [0.6, 1.9, 2.2, 2.2, 2.1, 2.1]], "iotop_disk_read": [[0.0, 0.0, 0.0, 0.0, 0.0, 0.0], [0.0, 0.0, 0.0, 0.0, 0.0, 0.0], [0.0, 0.41, 0.0, 0.0, 0.0, 0.0]], "iotop_disk_write": [[0.0, 890191.92, 967400.04, 967273.65, 971641.14, 959543.17], [0.0, 889952.43, 966497.92, 971647.67, 964745.4, 963069.91], [0.0, 890246.68, 966001.15, 971155.55, 968914.72, 958984.99]], "bmon_rx_Bps": [[0.0, 466163936.0, 466189568.0, 466176160.0, 466201504.0, 466196704.0], [0.0, 466204160.0, 466180416.0, 466184640.0, 466175744.0, 466191648.0], [0.0, 466178304.0, 466172480.0, 466195840.0, 466187232.0, 466175648.0]], "bmon_tx_Bps": [[0.0, 2614037.75, 2616136.25, 2610246.75, 2598290.75, 2619048.25], [0.0, 2483976.75, 2486849.75, 2475648.0, 2470556.25, 2482331.75], [0.0, 2553317.5, 2554221.0, 2540810.0, 2534802.0, 2547666.5]]}}