{"clients": {"top_cpu_user": [[4.0, 3.7, 3.9, 3.9, 4.1, 3.8]], "top_cpu_kernel": [[2.8, 2.1, 2.4, 2.3, 2.6, 2.3]], "top_cpu_idle": [[93.2, 94.1, 93.7, 93.8, 93.2, 93.9]], "top_cpu_wait_io": [[0.0, 0.0, 0.0, 0.0, 0.0, 0.0]], "iotop_disk_read": [[0.0, 0.0, 0.0, 0.0, 0.0, 0.0]], "iotop_disk_write": [[0.0, 19.62, 13.48, 1.23, 7.76, 2.86]], "bmon_rx_Bps": [[0.0, 1511691.25, 1657909.5, 1681760.88, 1983960.5, 1695940.25]], "bmon_tx_Bps": [[0.0, 679392768.0, 707111680.0, 757950848.0, 728811520.0, 739564480.0]]}, "pulsar": {"top_cpu_user": [[24.7, 11.5, 12.7, 12.8, 14.7, 12.7]], "top_cpu_kernel": [[31.8, 14.799999999999999, 16.9, 16.0, 20.3, 16.3]], "top_cpu_idle": [[43.5, 73.7, 70.4, 71.2, 65.0, 71.0]], "top_cpu_wait_io": [[0.0, 0.0, 0.0, 0.0, 0.0, 0.0]], "iotop_disk_read": [[0.0, 0.0, 0.0, 0.0, 0.0, 0.0]], "iotop_disk_write": [[0.0, 28.76, 12.38, 12.38, 37.55, 0.0]], "bmon_rx_Bps": [[0.0, 684434368.0, 713564928.0, 762088448.0, 735048704.0, 744338304.0]], "bmon_tx_Bps": [[0.0, 2044082560.0, 2115808512.0, 2288344832.0, 2184744448.0, 2231296512.0]]}, "bookkeeper": {"top_cpu_user": [[5.6, 4.3, 4.4, 4.5, 4.5, 4.5], [3.4, 4.4, 4.3, 4.7, 4.5, 4.5], [3.9, 4.6, 4.6, 4.7, 4.8, 4.6]], "top_cpu_kernel": [[8.7, 6.800000000000001, 7.300000000000001, 7.199999999999999, 8.0, 7.199999999999999], [4.8, 6.300000000000001, 6.6000000000000005, 6.9, 6.9, 7.1], [5.6, 6.6000000000000005, 7.3, 7.0, 7.699999999999999, 7.0]], "top_cpu_idle": [[79.9, 84.7, 84.2, 83.7, 83.8, 83.8], [86.0, 84.7, 85.0, 84.9, 84.6, 83.6], [84.6, 84.6, 84.3, 83.8, 83.8, 84.5]], "top_cpu_wait_io": [[5.9, 4.2, 4.1, 4.6, 3.7, 4.4], [5.9, 4.5, 4.1, 3.4, 3.9, 4.7], [5.9, 4.1, 3.7, 4.4, 3.7, 3.9]], "iotop_disk_read": [[0.0, 0.41, 0.0, 0.0, 0.0, 0.0], [0.0, 0.41, 0.0, 0.0, 0.0, 0.0], [0.0, 0.41, 0.0, 0.0, 0.0, 0.0]], "iotop_disk_write": [[0.0, 1404842.11, 1433049.28, 1515230.79, 1438982.79, 1477169.68], [0.0, 1431600.32, 1426091.48, 1512358.89, 1437534.82, 1517622.56], [0.0, 1409629.96, 1426911.92, 1508798.24, 1467662.12, 1429093.95]], "bmon_rx_Bps": [[0.0, 679406656.0, 709602112.0, 756130944.0, 730103936.0, 737934080.0], [0.0, 673337920.0, 693045760.0, 766850048.0, 722458240.0, 755818752.0], [0.0, 673241088.0, 707204544.0, 751789248.0, 731584064.0, 739358400.0]], "bmon_tx_Bps": [[0.0, 2614036.0, 2801341.0, 2901318.75, 3060721.25, 2897177.25], [0.0, 1969905.25, 2115411.75, 1570738.12, 1935393.25, 2386915.25], [0.0, 2596167.0, 2742776.75, 2899528.75, 3109188.25, 2754824.0]]}}