{"clients": {"top_cpu_user": [[4.2, 4.2, 4.0, 4.0, 3.9, 4.0]], "top_cpu_kernel": [[4.2, 3.8, 3.9000000000000004, 3.8, 3.9000000000000004, 3.9]], "top_cpu_idle": [[91.6, 91.9, 92.1, 92.2, 92.2, 92.1]], "top_cpu_wait_io": [[0.0, 0.0, 0.0, 0.0, 0.0, 0.0]], "iotop_disk_read": [[0.0, 0.0, 0.0, 0.0, 0.0, 0.0]], "iotop_disk_write": [[0.0, 26.15, 1.63, 5.72, 4.9, 8.17]], "bmon_rx_Bps": [[0.0, 2999066.0, 2998881.25, 2999366.75, 2993855.25, 2999255.25]], "bmon_tx_Bps": [[0.0, 699888192.0, 699906048.0, 699879680.0, 699909696.0, 699881728.0]]}, "pulsar": {"top_cpu_user": [[20.5, 18.5, 18.9, 18.5, 18.9, 18.6]], "top_cpu_kernel": [[30.9, 29.0, 28.5, 28.5, 28.7, 28.8]], "top_cpu_idle": [[48.6, 52.5, 52.6, 53.0, 52.3, 52.5]], "top_cpu_wait_io": [[0.0, 0.0, 0.0, 0.0, 0.0, 0.0]], "iotop_disk_read": [[0.0, 0.0, 0.0, 0.0, 0.0, 0.0]], "iotop_disk_write": [[0.0, 202.88, 16.38, 11.18, 32.35, 11.58]], "bmon_rx_Bps": [[0.0, 707588224.0, 707592192.0, 707587648.0, 707616384.0, 707594048.0]], "bmon_tx_Bps": [[0.0, 2105823488.0, 2105812864.0, 2105798144.0, 2105830784.0, 2105774848.0]]}, "bookkeeper": {"top_cpu_user": [[5.1, 4.5, 4.7, 4.3, 4.2, 4.1], [4.3, 4.3, 4.6, 4.4, 4.2, 4.3], [4.6, 4.6, 4.8, 4.2, 4.1, 4.2]], "top_cpu_kernel": [[9.8, 8.6, 8.6, 8.5, 8.5, 8.4], [9.4, 8.5, 8.5, 8.4, 8.4, 8.5], [8.9, 8.3, 8.6, 8.3, 8.100000000000001, 8.100000000000001]], "top_cpu_idle": [[82.0, 84.1, 83.7, 84.3, 84.4, 84.6], [83.4, 84.4, 83.9, 84.3, 84.5, 84.3], [84.0, 84.3, 83.6, 84.6, 84.9, 84.7]], "top_cpu_wait_io": [[3.1, 2.8, 3.0, 2.8, 2.9, 2.9], [2.9, 2.9, 3.0, 2.9, 2.9, 2.9], [2.6, 2.8, 2.9, 2.8, 2.9, 2.9]], "iotop_disk_read": [[0.0, 0.0, 0.0, 0.0, 0.0, 0.0], [0.0, 0.0, 0.0, 0.0, 0.0, 0.0], [0.0, 0.0, 0.0, 0.0, 0.0, 0.0]], "iotop_disk_write": [[0.0, 1391387.28, 1412052.78, 1390117.24, 1390737.59, 1401260.5], [0.0, 1392241.56, 1419899.71, 1385917.59, 1390039.13, 1391616.82], [0.0, 1387317.94, 1420912.0, 1390212.09, 1387951.81, 1384165.51]], "bmon_rx_Bps": [[0.0, 699379648.0, 699401216.0, 699376960.0, 699402688.0, 699380032.0], [0.0, 699378368.0, 699394304.0, 699381760.0, 699405120.0, 699380736.0], [0.0, 699402432.0, 699398720.0, 699383808.0, 699400448.0, 699385280.0]], "bmon_tx_Bps": [[0.0, 3701016.0, 3706658.0, 3706932.75, 3706453.0, 3709763.5], [0.0, 3639707.75, 3645613.0, 3636561.25, 3638522.75, 3639582.25], [0.0, 3616959.0, 3620144.75, 3636641.25, 3635513.25, 3642266.75]]}}