{"clients": {"top_cpu_user": [[8.9, 4.2, 4.0, 3.9, 4.5, 4.2]], "top_cpu_kernel": [[5.699999999999999, 2.5, 2.4, 2.2, 2.5, 2.3]], "top_cpu_idle": [[85.4, 93.3, 93.6, 94.0, 93.1, 93.6]], "top_cpu_wait_io": [[0.0, 0.0, 0.0, 0.0, 0.0, 0.0]], "iotop_disk_read": [[0.0, 0.0, 0.0, 0.0, 0.0, 0.0]], "iotop_disk_write": [[0.0, 15.53, 13.89, 2.45, 8.17, 3.68]], "bmon_rx_Bps": [[0.0, 1811439.38, 1771889.88, 1535087.0, 1614941.12, 1538713.38]], "bmon_tx_Bps": [[0.0, 722435328.0, 717716672.0, 730093568.0, 787588608.0, 754388544.0]]}, "pulsar": {"top_cpu_user": [[18.2, 13.9, 13.2, 12.2, 13.1, 12.3]], "top_cpu_kernel": [[22.6, 16.7, 16.5, 14.3, 16.200000000000003, 14.7]], "top_cpu_idle": [[59.1, 69.3, 70.3, 73.5, 70.7, 73.0]], "top_cpu_wait_io": [[0.0, 0.0, 0.0, 0.0, 0.0, 0.0]], "iotop_disk_read": [[0.0, 0.0, 0.0, 0.0, 0.0, 0.0]], "iotop_disk_write": [[0.0, 3.6, 14.38, 25.57, 0.4, 5.59]], "bmon_rx_Bps": [[0.0, 727346176.0, 718835008.0, 732272000.0, 791923968.0, 764107584.0]], "bmon_tx_Bps": [[0.0, 2099435392.0, 2149007616.0, 2235943936.0, 2381026816.0, 2172243968.0]]}, "bookkeeper": {"top_cpu_user": [[6.2, 4.7, 4.3, 4.1, 4.7, 4.6], [12.5, 4.1, 4.4, 4.9, 4.8, 4.2], [5.9, 4.7, 4.6, 4.4, 4.7, 4.7]], "top_cpu_kernel": [[10.4, 7.5, 7.3, 6.9, 7.6000000000000005, 7.300000000000001], [15.8, 6.2, 6.800000000000001, 7.3999999999999995, 7.199999999999999, 5.800000000000001], [9.3, 7.4, 7.1, 6.7, 7.5, 7.1]], "top_cpu_idle": [[78.3, 83.8, 84.2, 84.5, 83.0, 83.6], [68.3, 85.5, 84.7, 82.9, 83.6, 86.0], [81.5, 83.7, 84.4, 84.6, 83.4, 83.6]], "top_cpu_wait_io": [[5.1, 4.0, 4.2, 4.4, 4.6, 4.6], [3.4, 4.1, 4.0, 4.7, 4.3, 4.1], [3.4, 4.2, 3.8, 4.3, 4.4, 4.5]], "iotop_disk_read": [[0.0, 0.0, 0.0, 0.0, 0.0, 0.0], [0.0, 0.0, 0.0, 0.0, 0.0, 2.04], [0.0, 0.0, 0.0, 0.0, 0.0, 0.0]], "iotop_disk_write": [[0.0, 1447460.59, 1442268.34, 1461149.89, 1533460.64, 1485827.78], [0.0, 1400560.45, 1477021.99, 1523919.97, 1450391.82, 1373984.52], [0.0, 1447812.16, 1428612.13, 1462199.03, 1539920.73, 1479421.55]], "bmon_rx_Bps": [[0.0, 722396864.0, 715841728.0, 725411520.0, 786596864.0, 762445312.0], [0.0, 640100096.0, 707343168.0, 773868864.0, 800194816.0, 653260864.0], [0.0, 719073408.0, 718609664.0, 722473536.0, 785881024.0, 762135424.0]], "bmon_tx_Bps": [[0.0, 2908231.0, 2826581.75, 2675097.25, 2912655.25, 2745937.75], [0.0, 1536895.62, 1445900.25, 1841515.25, 1620151.0, 1162333.25], [0.0, 2840204.75, 2765873.0, 2668828.5, 2869779.5, 2715963.0]]}}