{"SentMessagesPerSecondMeasurements":[240997.09539191684,242875.2514364878,244413.98647692494,242140.85916507785,242115.60140027647,242149.33421067335],"SentBytesPerSecondMeasurements":[915788962.4892843,922925955.4586536,928773148.6123148,920135264.827296,920039285.3210499,920167470.000559],"AckMessagesPerSecondMeasurements":[241925.89994630235,241705.89153712286,245938.37994192264,242217.56620705596,242113.15598082464,242145.48277791947],"NumLatencyMeasurements":65258,"Latency50Pct":0.021350245,"Latency75Pct":0.021886228,"Latency90Pct":0.039208262,"Latency99Pct":0.24513887,"Latency999Pct":0.491931256,"Latency9999Pct":0.664298395,"MaxPending":240,"Partitions":64,"Connections":32,"MessageSize":3800,"MaxBatchSize":32768,"MessagesPerSecondConfigured":242105}