{"clients": {"top_cpu_user": [[97.9, 97.6, 97.6, 97.7, 97.7, 97.7]], "top_cpu_kernel": [[2.1, 2.2, 2.1, 2.1, 2.0, 2.0]], "top_cpu_idle": [[0.0, 0.3, 0.3, 0.2, 0.2, 0.2]], "top_cpu_wait_io": [[0.0, 0.0, 0.0, 0.0, 0.0, 0.0]], "iotop_disk_read": [[0.0, 0.0, 0.0, 0.0, 0.0, 0.0]], "iotop_disk_write": [[0.0, 6.52, 0.0, 0.0, 19.6, 0.0]], "bmon_rx_Bps": [[0.0, 1759891.25, 1762155.0, 1758810.5, 1757308.38, 1761132.38]], "bmon_tx_Bps": [[0.0, 466828448.0, 466181888.0, 465486912.0, 464901376.0, 464867168.0]]}, "broker": {"top_cpu_user": [[9.6, 14.6, 14.8, 14.7, 14.5, 14.8]], "top_cpu_kernel": [[9.7, 15.7, 16.0, 16.1, 16.1, 16.1]], "top_cpu_idle": [[80.8, 69.6, 69.1, 69.2, 69.4, 69.1]], "top_cpu_wait_io": [[0.0, 0.0, 0.0, 0.0, 0.0, 0.0]], "iotop_disk_read": [[0.0, 0.0, 0.0, 0.0, 0.0, 0.0]], "iotop_disk_write": [[0.0, 0.0, 0.0, 0.0, 17.18, 0.0]], "bmon_rx_Bps": [[0.0, 516667424.0, 516310304.0, 515694528.0, 515026464.0, 515070272.0]], "bmon_tx_Bps": [[0.0, 1446759168.0, 1444865920.0, 1444138496.0, 1441462144.0, 1442295680.0]]}, "log": {"top_cpu_user": [[38.5, 37.1, 37.0, 37.0, 36.9, 36.9], [34.6, 34.1, 34.1, 34.2, 34.1, 34.1], [37.4, 36.7, 36.7, 36.7, 36.8, 36.6]], "top_cpu_kernel": [[18.3, 18.7, 18.700000000000003, 18.7, 18.7, 18.8], [18.0, 17.6, 17.5, 17.400000000000002, 17.8, 17.7], [19.4, 19.099999999999998, 19.099999999999998, 19.0, 18.900000000000002, 19.0]], "top_cpu_idle": [[43.2, 44.2, 44.3, 44.3, 44.3, 44.3], [47.4, 48.4, 48.3, 48.4, 48.2, 48.3], [43.2, 44.2, 44.1, 44.2, 44.3, 44.4]], "top_cpu_wait_io": [[0.0, 0.0, 0.0, 0.0, 0.0, 0.0], [0.0, 0.0, 0.0, 0.0, 0.0, 0.0], [0.0, 0.0, 0.0, 0.0, 0.0, 0.0]], "iotop_disk_read": [[0.0, 0.0, 0.0, 0.0, 0.0, 0.0], [0.0, 0.0, 0.0, 0.0, 0.0, 0.0], [0.0, 0.0, 0.0, 0.0, 0.0, 0.0]], "iotop_disk_write": [[0.0, 498959.55, 497079.38, 495726.69, 495891.33, 496333.66], [0.0, 498494.56, 496496.31, 496005.78, 495984.54, 495623.35], [0.0, 498951.79, 496703.01, 495595.98, 496480.29, 495492.61]], "bmon_rx_Bps": [[0.0, 480942528.0, 480023808.0, 479084928.0, 478815776.0, 479165568.0], [0.0, 481028224.0, 480228704.0, 479467616.0, 478839264.0, 478950976.0], [0.0, 481570112.0, 479854400.0, 479758720.0, 478728736.0, 479233408.0]], "bmon_tx_Bps": [[0.0, 17765718.0, 17796854.0, 17791724.0, 17789000.0, 17838100.0], [0.0, 18028662.0, 18040676.0, 18043808.0, 18026548.0, 18045624.0], [0.0, 18028338.0, 18041416.0, 18025936.0, 17980130.0, 18014994.0]]}}