{"SentMessagesPerSecondMeasurements":[298601.5733360993,300344.6637844863,300432.55077580886,298774.47703776,300422.61981958,300212.54439672304],"SentBytesPerSecondMeasurements":[1134685978.677177,1141309722.3810484,1141643692.9480739,1135343012.7434878,1141605955.3144047,1140807668.7075472],"AckMessagesPerSecondMeasurements":[298724.3409265906,300120.46463698096,300716.9461998353,298749.6390007095,300050.2727092295,300294.06963641907],"NumLatencyMeasurements":24796,"Latency50Pct":0.123122828,"Latency75Pct":0.143318115,"Latency90Pct":0.163675671,"Latency99Pct":0.237797732,"Latency999Pct":0.538919858,"Latency9999Pct":0.859566917,"MaxPending":720,"Partitions":64,"Connections":32,"MessageSize":3800,"MaxBatchSize":32768,"MessagesPerSecondConfigured":363157}