{"clients": {"top_cpu_user": [[96.9, 95.7, 95.7, 95.7, 95.9, 95.7]], "top_cpu_kernel": [[2.7, 3.8, 3.9000000000000004, 3.8, 3.7, 3.9000000000000004]], "top_cpu_idle": [[0.4, 0.5, 0.5, 0.4, 0.4, 0.3]], "top_cpu_wait_io": [[0.0, 0.0, 0.0, 0.0, 0.0, 0.0]], "iotop_disk_read": [[0.0, 0.0, 0.0, 0.0, 0.0, 0.0]], "iotop_disk_write": [[0.0, 2.45, 0.0, 0.0, 22.06, 0.0]], "bmon_rx_Bps": [[0.0, 3288893.25, 3335376.0, 3311020.0, 3271889.25, 3337182.0]], "bmon_tx_Bps": [[0.0, 926373120.0, 939590080.0, 932839808.0, 919078656.0, 938802368.0]]}, "broker": {"top_cpu_user": [[12.3, 26.0, 26.8, 26.1, 26.0, 26.6]], "top_cpu_kernel": [[16.2, 31.299999999999997, 31.9, 31.6, 31.2, 32.4]], "top_cpu_idle": [[71.6, 42.8, 41.3, 42.3, 42.8, 41.1]], "top_cpu_wait_io": [[0.0, 0.0, 0.0, 0.0, 0.0, 0.0]], "iotop_disk_read": [[0.0, 0.0, 0.0, 0.0, 0.0, 0.0]], "iotop_disk_write": [[0.0, 0.0, 0.0, 0.0, 15.98, 0.0]], "bmon_rx_Bps": [[0.0, 1025823040.0, 1041547200.0, 1032098496.0, 1018911104.0, 1039045568.0]], "bmon_tx_Bps": [[0.0, 2872925184.0, 2915787776.0, 2891794688.0, 2851307008.0, 2912450560.0]]}, "log": {"top_cpu_user": [[36.6, 34.2, 34.8, 34.8, 34.8, 35.0], [33.4, 32.2, 32.2, 32.3, 32.2, 32.2], [36.7, 34.2, 34.1, 34.5, 34.5, 34.4]], "top_cpu_kernel": [[21.0, 22.700000000000003, 22.1, 22.299999999999997, 22.3, 22.3], [19.3, 20.4, 21.0, 20.7, 20.5, 21.1], [20.3, 22.6, 22.700000000000003, 22.3, 22.7, 22.5]], "top_cpu_idle": [[42.4, 43.1, 43.1, 42.9, 42.9, 42.7], [47.2, 47.4, 46.8, 47.0, 47.2, 46.7], [43.1, 43.2, 43.2, 43.1, 42.9, 43.1]], "top_cpu_wait_io": [[0.0, 0.0, 0.0, 0.0, 0.0, 0.0], [0.0, 0.0, 0.0, 0.0, 0.0, 0.0], [0.0, 0.0, 0.0, 0.0, 0.0, 0.0]], "iotop_disk_read": [[0.0, 0.0, 0.0, 0.0, 0.0, 0.0], [0.0, 0.0, 0.0, 0.0, 0.0, 0.0], [0.0, 0.0, 0.0, 0.0, 0.0, 0.0]], "iotop_disk_write": [[0.0, 993781.99, 1008712.68, 991394.93, 979540.35, 1006382.55], [0.0, 993191.93, 1006061.11, 991509.83, 979177.61, 1004769.72], [0.0, 995248.36, 1005323.29, 991057.18, 980826.58, 1004367.72]], "bmon_rx_Bps": [[0.0, 955706880.0, 968403968.0, 960681984.0, 947053120.0, 967118336.0], [0.0, 957260544.0, 968539712.0, 960656768.0, 947330944.0, 966494336.0], [0.0, 958787904.0, 969062464.0, 960247168.0, 947848832.0, 966062080.0]], "bmon_tx_Bps": [[0.0, 35351260.0, 35872668.0, 35633064.0, 35140304.0, 35885856.0], [0.0, 35662776.0, 36185392.0, 35915760.0, 35418976.0, 36180072.0], [0.0, 35631052.0, 36075676.0, 35807352.0, 35428456.0, 36129844.0]]}}