{"clients": {"top_cpu_user": [[94.9, 94.9, 94.9, 94.9, 95.0, 95.0]], "top_cpu_kernel": [[4.6, 4.5, 4.5, 4.6, 4.5, 4.5]], "top_cpu_idle": [[0.4, 0.6, 0.5, 0.5, 0.5, 0.5]], "top_cpu_wait_io": [[0.0, 0.0, 0.0, 0.0, 0.0, 0.0]], "iotop_disk_read": [[0.0, 0.0, 0.0, 0.0, 0.0, 0.0]], "iotop_disk_write": [[0.0, 2.04, 4.08, 0.0, 15.1, 0.0]], "bmon_rx_Bps": [[0.0, 4392296.5, 4413590.5, 4422745.0, 4406939.5, 4422225.5]], "bmon_tx_Bps": [[0.0, 1145889664.0, 1150177024.0, 1152704896.0, 1148131840.0, 1151075072.0]]}, "broker": {"top_cpu_user": [[28.9, 30.0, 30.2, 30.0, 30.4, 30.3]], "top_cpu_kernel": [[39.6, 39.2, 39.0, 39.6, 39.0, 39.1]], "top_cpu_idle": [[31.4, 30.8, 30.9, 30.4, 30.6, 30.6]], "top_cpu_wait_io": [[0.0, 0.0, 0.0, 0.0, 0.0, 0.0]], "iotop_disk_read": [[0.0, 0.0, 0.0, 0.0, 0.0, 0.0]], "iotop_disk_write": [[0.0, 0.4, 0.0, 0.0, 15.58, 0.0]], "bmon_rx_Bps": [[0.0, 1269308288.0, 1273736064.0, 1276789760.0, 1271595904.0, 1274944896.0]], "bmon_tx_Bps": [[0.0, 3555611392.0, 3569673472.0, 3576381184.0, 3562641152.0, 3571438592.0]]}, "log": {"top_cpu_user": [[34.3, 33.5, 33.7, 33.8, 34.1, 34.1], [30.8, 31.2, 31.2, 31.3, 31.4, 31.3], [32.8, 33.3, 33.3, 33.2, 33.2, 33.2]], "top_cpu_kernel": [[24.6, 24.3, 23.9, 24.8, 23.4, 23.7], [23.6, 22.4, 22.400000000000002, 22.5, 22.6, 22.6], [25.900000000000002, 23.8, 23.900000000000002, 24.0, 24.200000000000003, 24.2]], "top_cpu_idle": [[41.2, 41.8, 42.4, 40.4, 42.4, 42.1], [45.6, 46.4, 46.4, 46.1, 46.0, 46.0], [41.3, 42.9, 42.8, 42.8, 42.6, 42.6]], "top_cpu_wait_io": [[0.0, 0.5, 0.0, 1.0, 0.0, 0.1], [0.0, 0.0, 0.0, 0.0, 0.0, 0.0], [0.0, 0.0, 0.0, 0.0, 0.0, 0.0]], "iotop_disk_read": [[0.0, 0.0, 0.0, 0.0, 0.0, 0.0], [0.0, 0.0, 0.0, 0.0, 0.0, 0.0], [0.0, 0.0, 0.0, 0.0, 0.0, 0.0]], "iotop_disk_write": [[0.0, 1241977.05, 1229254.93, 1257895.93, 1227333.47, 1235639.83], [0.0, 1222998.59, 1227981.94, 1231140.1, 1222916.36, 1229148.48], [0.0, 1223229.73, 1227863.91, 1231123.06, 1222867.16, 1229026.65]], "bmon_rx_Bps": [[0.0, 1181139456.0, 1185210880.0, 1187686272.0, 1182999040.0, 1185756160.0], [0.0, 1181316352.0, 1185129728.0, 1187660800.0, 1182913792.0, 1185791104.0], [0.0, 1181014144.0, 1185032704.0, 1187917184.0, 1182663936.0, 1185910784.0]], "bmon_tx_Bps": [[0.0, 43739256.0, 43849056.0, 44068660.0, 43895128.0, 43996080.0], [0.0, 44135948.0, 44278688.0, 44361604.0, 44204516.0, 44287912.0], [0.0, 43925308.0, 44093496.0, 44219936.0, 44087632.0, 44206632.0]]}}