{"clients": {"top_cpu_user": [[96.1, 96.6, 96.6, 96.7, 96.8, 96.7]], "top_cpu_kernel": [[3.4, 2.9, 2.9, 2.9, 2.9, 3.1]], "top_cpu_idle": [[0.4, 0.4, 0.4, 0.3, 0.3, 0.3]], "top_cpu_wait_io": [[0.0, 0.0, 0.0, 0.0, 0.0, 0.0]], "iotop_disk_read": [[0.0, 0.0, 0.0, 0.0, 0.0, 0.0]], "iotop_disk_write": [[0.0, 2.45, 0.0, 0.0, 20.38, 0.0]], "bmon_rx_Bps": [[0.0, 2563383.75, 2570256.25, 2569895.25, 2564605.0, 2561534.5]], "bmon_tx_Bps": [[0.0, 695008640.0, 697339136.0, 698864256.0, 697649280.0, 697048064.0]]}, "broker": {"top_cpu_user": [[16.4, 20.3, 20.6, 20.5, 20.7, 21.0]], "top_cpu_kernel": [[18.9, 23.6, 23.5, 23.9, 23.8, 24.1]], "top_cpu_idle": [[64.8, 56.1, 55.9, 55.6, 55.6, 54.8]], "top_cpu_wait_io": [[0.0, 0.0, 0.0, 0.0, 0.0, 0.0]], "iotop_disk_read": [[0.0, 0.0, 0.0, 0.0, 0.0, 0.0]], "iotop_disk_write": [[0.0, 1.2, 0.0, 0.0, 19.97, 0.0]], "bmon_rx_Bps": [[0.0, 770534208.0, 771943168.0, 773480576.0, 772785664.0, 773919232.0]], "bmon_tx_Bps": [[0.0, 2157895936.0, 2161153536.0, 2167648768.0, 2164391424.0, 2164194048.0]]}, "log": {"top_cpu_user": [[35.7, 35.8, 35.9, 35.9, 36.0, 35.9], [34.1, 33.4, 33.3, 33.1, 33.3, 33.3], [36.5, 35.7, 35.6, 35.7, 35.6, 35.6]], "top_cpu_kernel": [[21.7, 20.2, 20.4, 20.400000000000002, 20.400000000000002, 20.5], [20.3, 19.3, 19.3, 19.4, 19.2, 19.4], [21.200000000000003, 20.7, 20.7, 20.599999999999998, 20.5, 20.5]], "top_cpu_idle": [[42.3, 44.0, 43.6, 43.7, 43.5, 43.6], [45.7, 47.4, 47.4, 47.5, 47.5, 47.3], [42.3, 43.5, 43.6, 43.6, 43.9, 43.9]], "top_cpu_wait_io": [[0.0, 0.0, 0.0, 0.0, 0.0, 0.0], [0.0, 0.0, 0.0, 0.0, 0.0, 0.0], [0.0, 0.0, 0.0, 0.0, 0.0, 0.0]], "iotop_disk_read": [[0.0, 0.0, 0.0, 0.0, 0.0, 0.0], [0.0, 0.0, 0.0, 0.0, 0.0, 0.0], [0.0, 0.0, 0.0, 0.0, 0.0, 0.0]], "iotop_disk_write": [[0.0, 744174.12, 745980.53, 744059.94, 740060.95, 748172.15], [0.0, 745097.41, 744443.51, 743416.85, 737354.77, 749970.0], [0.0, 745412.31, 743681.07, 744133.51, 737033.55, 749745.39]], "bmon_rx_Bps": [[0.0, 717837888.0, 717876288.0, 719442240.0, 718880896.0, 719170176.0], [0.0, 718214080.0, 718954176.0, 719252288.0, 717999872.0, 718851136.0], [0.0, 719402240.0, 719143424.0, 718399296.0, 716980032.0, 719696768.0]], "bmon_tx_Bps": [[0.0, 26510438.0, 26525196.0, 26649236.0, 26682056.0, 26657420.0], [0.0, 26799900.0, 26818728.0, 26900812.0, 26947444.0, 27005196.0], [0.0, 26852970.0, 26845386.0, 26857264.0, 26849544.0, 26985874.0]]}}