{"SentMessagesPerSecondMeasurements":[60544.79274213303,60515.830056148676,60494.09083315602,60556.656492335744,60504.26362092267,60518.18142291428],"SentBytesPerSecondMeasurements":[230070212.4201056,229960154.213365,229877545.16599286,230115294.67087588,229916201.75950614,229969089.40707415],"AckMessagesPerSecondMeasurements":[60575.14909308919,60503.832086069924,60510.06578507361,60525.50224563069,60553.04119209222,60494.99507438928],"NumLatencyMeasurements":68513,"Latency50Pct":0.020611121,"Latency75Pct":0.020739975,"Latency90Pct":0.021318752,"Latency99Pct":0.041464224,"Latency999Pct":0.108082151,"Latency9999Pct":0.184507982,"MaxPending":240,"Partitions":64,"Connections":32,"MessageSize":3800,"MaxBatchSize":32768,"MessagesPerSecondConfigured":60526}