{"clients": {"top_cpu_user": [[94.4, 94.9, 94.9, 94.9, 94.9, 94.9]], "top_cpu_kernel": [[5.199999999999999, 4.4, 4.5, 4.5, 4.6, 4.6]], "top_cpu_idle": [[0.4, 0.6, 0.6, 0.6, 0.5, 0.5]], "top_cpu_wait_io": [[0.0, 0.0, 0.0, 0.0, 0.0, 0.0]], "iotop_disk_read": [[0.0, 0.0, 0.0, 0.0, 0.0, 0.0]], "iotop_disk_write": [[0.0, 19.61, 0.0, 0.0, 7.76, 0.0]], "bmon_rx_Bps": [[0.0, 4270406.5, 4389553.0, 4408513.0, 4414525.0, 4427140.0]], "bmon_tx_Bps": [[0.0, 1114062592.0, 1146507776.0, 1150660608.0, 1152132480.0, 1154328064.0]]}, "broker": {"top_cpu_user": [[27.4, 29.0, 29.9, 30.2, 30.2, 29.9]], "top_cpu_kernel": [[39.0, 37.6, 39.4, 39.0, 39.1, 39.400000000000006]], "top_cpu_idle": [[33.6, 33.4, 30.7, 30.7, 30.6, 30.7]], "top_cpu_wait_io": [[0.0, 0.0, 0.0, 0.0, 0.0, 0.0]], "iotop_disk_read": [[0.0, 0.0, 0.0, 0.0, 0.0, 0.0]], "iotop_disk_write": [[0.0, 16.78, 0.0, 0.0, 2.4, 0.0]], "bmon_rx_Bps": [[0.0, 1233746944.0, 1269673728.0, 1274359680.0, 1275964160.0, 1278498432.0]], "bmon_tx_Bps": [[0.0, 3455625984.0, 3555326464.0, 3568974848.0, 3574704384.0, 3581829888.0]]}, "log": {"top_cpu_user": [[33.9, 33.9, 33.9, 33.9, 33.9, 33.5], [31.9, 31.6, 31.2, 31.0, 30.9, 31.4], [33.4, 33.5, 33.4, 33.4, 33.4, 33.5]], "top_cpu_kernel": [[24.6, 23.5, 23.6, 24.1, 23.9, 24.200000000000003], [22.700000000000003, 21.9, 22.6, 22.6, 22.8, 22.0], [25.700000000000003, 24.0, 24.2, 24.4, 24.5, 24.200000000000003]], "top_cpu_idle": [[41.3, 42.6, 42.5, 41.6, 42.1, 42.2], [45.4, 46.4, 46.3, 46.5, 46.3, 46.6], [40.5, 42.5, 42.4, 42.2, 42.1, 42.3]], "top_cpu_wait_io": [[0.0, 0.0, 0.0, 0.4, 0.0, 0.1], [0.0, 0.0, 0.0, 0.0, 0.0, 0.0], [0.3, 0.0, 0.0, 0.0, 0.0, 0.0]], "iotop_disk_read": [[0.0, 0.0, 0.0, 0.0, 0.0, 0.0], [0.0, 0.0, 0.0, 0.0, 0.0, 0.0], [0.0, 0.0, 0.0, 0.0, 0.0, 0.0]], "iotop_disk_write": [[0.0, 1188373.96, 1239047.15, 1237956.34, 1233641.69, 1241545.01], [0.0, 1187884.93, 1234757.56, 1228049.29, 1229911.22, 1231938.29], [0.0, 1187994.47, 1234952.99, 1228175.91, 1229725.71, 1231889.37]], "bmon_rx_Bps": [[0.0, 1147748864.0, 1180784128.0, 1185071360.0, 1187016448.0, 1188991232.0], [0.0, 1147491712.0, 1180982400.0, 1184901120.0, 1187105152.0, 1188944384.0], [0.0, 1147407232.0, 1181277184.0, 1184818048.0, 1187195264.0, 1188983296.0]], "bmon_tx_Bps": [[0.0, 42381552.0, 43632380.0, 43801732.0, 43873672.0, 44019976.0], [0.0, 42783888.0, 44113552.0, 44269564.0, 44347916.0, 44369536.0], [0.0, 42806520.0, 44080584.0, 44244432.0, 44288044.0, 44401248.0]]}}