{"SentMessagesPerSecondMeasurements":[181900.32461085258,181435.0774987471,181637.6864921304,181580.76623562595,181579.07402307642,181724.3118363564],"SentBytesPerSecondMeasurements":[691221233.5212396,689453294.4952389,690223208.6700954,690006911.6953785,690000481.2876902,690552384.9781542],"AckMessagesPerSecondMeasurements":[182181.615385623,181395.28351500083,181657.02730071262,181623.76022473542,181575.323643647,181563.67938999893],"NumLatencyMeasurements":67346,"Latency50Pct":0.021106665,"Latency75Pct":0.021459581,"Latency90Pct":0.023301727,"Latency99Pct":0.170333275,"Latency999Pct":0.409236099,"Latency9999Pct":0.563912912,"MaxPending":240,"Partitions":64,"Connections":32,"MessageSize":3800,"MaxBatchSize":32768,"MessagesPerSecondConfigured":181578}