{"clients": {"top_cpu_user": [[97.6, 98.6, 98.6, 98.7, 98.8, 98.7]], "top_cpu_kernel": [[1.8, 1.2, 1.2, 1.2, 1.1, 1.1]], "top_cpu_idle": [[0.4, 0.2, 0.1, 0.1, 0.1, 0.1]], "top_cpu_wait_io": [[0.0, 0.0, 0.0, 0.0, 0.0, 0.0]], "iotop_disk_read": [[0.0, 0.0, 0.0, 0.0, 0.0, 0.0]], "iotop_disk_write": [[0.0, 6.12, 0.0, 0.0, 18.34, 2.45]], "bmon_rx_Bps": [[0.0, 932934.94, 932978.5, 933947.0, 934143.19, 933951.69]], "bmon_tx_Bps": [[0.0, 232990096.0, 232486416.0, 232919424.0, 232557344.0, 232655200.0]]}, "broker": {"top_cpu_user": [[8.7, 7.8, 8.0, 8.1, 8.0, 8.0]], "top_cpu_kernel": [[12.4, 9.1, 9.1, 8.9, 9.0, 9.1]], "top_cpu_idle": [[78.9, 83.1, 82.9, 83.0, 83.0, 83.0]], "top_cpu_wait_io": [[0.0, 0.0, 0.0, 0.0, 0.0, 0.0]], "iotop_disk_read": [[0.0, 0.0, 0.0, 0.0, 0.0, 0.0]], "iotop_disk_write": [[0.0, 1.2, 0.0, 0.0, 17.98, 3.2]], "bmon_rx_Bps": [[0.0, 258025360.0, 257774096.0, 258187296.0, 257797088.0, 257885408.0]], "bmon_tx_Bps": [[0.0, 720938624.0, 721813120.0, 721739520.0, 721922432.0, 721658752.0]]}, "log": {"top_cpu_user": [[38.4, 38.2, 38.3, 38.2, 38.2, 38.1], [36.0, 35.4, 35.4, 35.2, 35.3, 35.2], [38.6, 37.9, 37.9, 37.9, 38.0, 37.8]], "top_cpu_kernel": [[18.299999999999997, 17.0, 16.8, 16.9, 17.0, 17.0], [16.599999999999998, 15.8, 15.8, 16.0, 15.8, 15.700000000000001], [18.099999999999998, 17.3, 17.3, 17.3, 17.2, 17.4]], "top_cpu_idle": [[43.4, 44.9, 44.9, 44.9, 44.8, 44.9], [47.4, 48.8, 48.8, 48.8, 49.0, 49.0], [43.3, 44.9, 44.8, 44.8, 44.8, 44.8]], "top_cpu_wait_io": [[0.0, 0.0, 0.0, 0.0, 0.0, 0.0], [0.0, 0.0, 0.0, 0.0, 0.0, 0.0], [0.0, 0.0, 0.0, 0.0, 0.0, 0.0]], "iotop_disk_read": [[0.0, 0.0, 0.0, 0.0, 0.0, 0.0], [0.0, 0.0, 0.0, 0.0, 0.0, 0.0], [0.0, 0.0, 0.0, 0.0, 0.0, 0.0]], "iotop_disk_write": [[0.0, 247818.83, 248079.04, 248026.34, 248004.92, 248125.03], [0.0, 247814.33, 248045.31, 248041.41, 247900.91, 247867.65], [0.0, 247856.41, 247760.2, 247891.75, 248099.46, 247971.82]], "bmon_rx_Bps": [[0.0, 239798288.0, 239375376.0, 239734080.0, 239518688.0, 239554112.0], [0.0, 239242608.0, 239566928.0, 239427408.0, 239444528.0, 239531248.0], [0.0, 239634736.0, 239432016.0, 239643472.0, 239487232.0, 239664944.0]], "bmon_tx_Bps": [[0.0, 8943276.0, 8992252.0, 9072335.0, 9000889.0, 9015510.0], [0.0, 9095344.0, 9081605.0, 9057231.0, 9053935.0, 9057651.0], [0.0, 9069063.0, 9029042.0, 9031979.0, 9035114.0, 9050015.0]]}}