{"SentMessagesPerSecondMeasurements":[121024.84336929316,121059.70350447092,120159.3504441404,121913.03057368967,121096.75792654428,121023.15056077225],"SentBytesPerSecondMeasurements":[459894404.80331415,460026873.31698954,456605531.6877336,463269516.1800206,460167680.120868,459887972.13093466],"AckMessagesPerSecondMeasurements":[120912.94555526681,121225.19072290583,119627.08806460413,122454.04565742104,121039.22068664443,121048.72242842153],"NumLatencyMeasurements":68531,"Latency50Pct":0.02085752,"Latency75Pct":0.021086309,"Latency90Pct":0.022276471,"Latency99Pct":0.067369983,"Latency999Pct":0.329216837,"Latency9999Pct":0.498084016,"MaxPending":240,"Partitions":64,"Connections":32,"MessageSize":3800,"MaxBatchSize":32768,"MessagesPerSecondConfigured":121052}